7290004869120,Shupersal-Shelly_Nativ-Hen,bread,1
7290000001036,Shupersal-Shelly_Nativ-Hen,onion,1
8901537024014,Shupersal-Shelly_Nativ-Hen,deodorant,0
7290000961552,Shupersal-Shelly_Nativ-Hen,pepper,1
7290000197654,Shupersal-Shelly_Nativ-Hen,garbage bag,0
7290000042008,Shupersal-Shelly_Nativ-Hen,milk,0
7290102396955,Shupersal-Shelly_Nativ-Hen,milk,0
7296073265184,Shupersal-Shelly_Nativ-Hen,garbage bag,0
7290000103457,Shupersal-Shelly_Nativ-Hen,frozen ,0
7290102396962,Shupersal-Shelly_Nativ-Hen,milk,0
7290009952292,Shupersal-Shelly_Nativ-Hen,bread,1
7290000042022,Shupersal-Shelly_Nativ-Hen,milk,2
7296073219330,Shupersal-Shelly_Nativ-Hen,bread,0
7290009954357,Shupersal-Shelly_Nativ-Hen,yellow cheese,0
7296073232438,Shupersal-Shelly_Nativ-Hen,milk,2
7290004127800,Shupersal-Shelly_Nativ-Hen,white cheese,0
7290000048185,Shupersal-Shelly_Nativ-Hen,white cheese,0
7290000104799,Shupersal-Shelly_Nativ-Hen,frozen ,0
7296073232445,Shupersal-Shelly_Nativ-Hen,milk,2
4800888150080,Shupersal-Shelly_Nativ-Hen,deodorant,2
7290009952322,Shupersal-Shelly_Nativ-Hen,bread,1
7290004127817,Shupersal-Shelly_Nativ-Hen,white cheese,0
7290000052304,Shupersal-Shelly_Nativ-Hen,milk,0
7290009954388,Shupersal-Shelly_Nativ-Hen,yellow cheese,2
7290000982113,Shupersal-Shelly_Nativ-Hen,tomato,1
7290000963686,Shupersal-Shelly_Nativ-Hen,apple,0
35000764522,Shupersal-Shelly_Nativ-Hen,toothpaste,0
7290000300139,Shupersal-Shelly_Nativ-Hen,hamburger,0
7290001713853,Shupersal-Shelly_Nativ-Hen,bleach,0
7290004127862,Shupersal-Shelly_Nativ-Hen,white cheese,0
7290000050300,Shupersal-Shelly_Nativ-Hen,white cheese,0
7290101866633,Shupersal-Shelly_Nativ-Hen,stain remover,0
7290011607180,Shupersal-Shelly_Nativ-Hen,stain remover,2
7290002065555,Shupersal-Shelly_Nativ-Hen,bread,1
7290000068770,Shupersal-Shelly_Nativ-Hen,peanut snack,1
7290004127916,Shupersal-Shelly_Nativ-Hen,white cheese,0
7290003495085,Shupersal-Shelly_Nativ-Hen,bread,0
7290000068787,Shupersal-Shelly_Nativ-Hen,peanut snack,1
7290002079927,Shupersal-Shelly_Nativ-Hen,bread,1
7296073265344,Shupersal-Shelly_Nativ-Hen,milk,2
5000198285505,Shupersal-Shelly_Nativ-Hen,toothpaste,2
7290004136130,Shupersal-Shelly_Nativ-Hen,milk,0
7290005084355,Shupersal-Shelly_Nativ-Hen,toothpaste,0
7290002065616,Shupersal-Shelly_Nativ-Hen,bread,1
7290004685010,Shupersal-Shelly_Nativ-Hen,bread,1
7290002065623,Shupersal-Shelly_Nativ-Hen,bread,1
7290004136154,Shupersal-Shelly_Nativ-Hen,milk,0
8714789095653,Shupersal-Shelly_Nativ-Hen,toothpaste,0
7290002766056,Shupersal-Shelly_Nativ-Hen,tomato,1
7296073234678,Shupersal-Shelly_Nativ-Hen,peanut snack,1
7290000046327,Shupersal-Shelly_Nativ-Hen,yellow cheese,0
7290000146683,Shupersal-Shelly_Nativ-Hen,deodorant,0
7290002079996,Shupersal-Shelly_Nativ-Hen,bread,1
7296073234685,Shupersal-Shelly_Nativ-Hen,peanut snack,0
7290000042244,Shupersal-Shelly_Nativ-Hen,milk,0
7290100687109,Shupersal-Shelly_Nativ-Hen,peanut snack,1
7290102397204,Shupersal-Shelly_Nativ-Hen,yellow cheese,0
7290100924693,Shupersal-Shelly_Nativ-Hen,bleach,2
7290008000796,Shupersal-Shelly_Nativ-Hen,toothpaste,0
7290000068893,Shupersal-Shelly_Nativ-Hen,peanut snack,2
7290000288031,Shupersal-Shelly_Nativ-Hen,bleach,1
7290105368881,Shupersal-Shelly_Nativ-Hen,milk,0
7290006788405,Shupersal-Shelly_Nativ-Hen,deodorant,0
7296073098294,Shupersal-Shelly_Nativ-Hen,frozen ,2
7290004685126,Shupersal-Shelly_Nativ-Hen,bread,1
7702018978120,Shupersal-Shelly_Nativ-Hen,deodorant,0
7290006788429,Shupersal-Shelly_Nativ-Hen,deodorant,0
7290107640145,Shupersal-Shelly_Nativ-Hen,deodorant,0
7290004685140,Shupersal-Shelly_Nativ-Hen,bread,1
7290004121945,Shupersal-Shelly_Nativ-Hen,milk,2
7290000097633,Shupersal-Shelly_Nativ-Hen,bread,0
7290004685157,Shupersal-Shelly_Nativ-Hen,bread,1
7290013366634,Shupersal-Shelly_Nativ-Hen,lettuce,2
7296073230700,Shupersal-Shelly_Nativ-Hen,bleach,0
7290001791349,Shupersal-Shelly_Nativ-Hen,bleach,0
7290000097657,Shupersal-Shelly_Nativ-Hen,bread,0
4005900036476,Shupersal-Shelly_Nativ-Hen,deodorant,0
7290003806591,Shupersal-Shelly_Nativ-Hen,deodorant,0
7290000048192,Shupersal-Shelly_Nativ-Hen,white cheese,0
5029053534596,Shupersal-Shelly_Nativ-Hen,tampons,1
7290000474502,Shupersal-Shelly_Nativ-Hen,white cheese,0
5029053534602,Shupersal-Shelly_Nativ-Hen,tampons,1
7290004685201,Shupersal-Shelly_Nativ-Hen,bread,1
7290000497044,Shupersal-Shelly_Nativ-Hen,bread,1
7290006788504,Shupersal-Shelly_Nativ-Hen,deodorant,0
7296073263517,Shupersal-Shelly_Nativ-Hen,bag,0
7290000042404,Shupersal-Shelly_Nativ-Hen,milk,0
7290000189871,Shupersal-Shelly_Nativ-Hen,garbage bag,0
7290102393268,Shupersal-Shelly_Nativ-Hen,white cheese,0
7290000051956,Shupersal-Shelly_Nativ-Hen,yellow cheese,2
7290000042435,Shupersal-Shelly_Nativ-Hen,milk,0
7290000042442,Shupersal-Shelly_Nativ-Hen,milk,0
7290001902028,Shupersal-Shelly_Nativ-Hen,bread,1
7290001902042,Shupersal-Shelly_Nativ-Hen,bread,1
7290008713696,Shupersal-Shelly_Nativ-Hen,bread,1
7290004125776,Shupersal-Shelly_Nativ-Hen,yellow cheese,0
7290000042466,Shupersal-Shelly_Nativ-Hen,milk,2
7290004133627,Shupersal-Shelly_Nativ-Hen,milk,2
7296073103844,Shupersal-Shelly_Nativ-Hen,potato,0
7290002020837,Shupersal-Shelly_Nativ-Hen,bread,0
7290004122089,Shupersal-Shelly_Nativ-Hen,yellow cheese,0
7290001902059,Shupersal-Shelly_Nativ-Hen,bread,1
7290000146928,Shupersal-Shelly_Nativ-Hen,toothpaste,0
7290001902066,Shupersal-Shelly_Nativ-Hen,bread,1
7290001902073,Shupersal-Shelly_Nativ-Hen,bread,1
7290001902080,Shupersal-Shelly_Nativ-Hen,bread,1
7290000187907,Shupersal-Shelly_Nativ-Hen,toilet paper,2
7290000042503,Shupersal-Shelly_Nativ-Hen,milk,2
7290000056845,Shupersal-Shelly_Nativ-Hen,milk,2
7290104508943,Shupersal-Shelly_Nativ-Hen,peanut snack,0
7290000187921,Shupersal-Shelly_Nativ-Hen,toilet paper,1
7290000187938,Shupersal-Shelly_Nativ-Hen,toilet paper,0
7296073255468,Shupersal-Shelly_Nativ-Hen,coconut cream,0
7290000042541,Shupersal-Shelly_Nativ-Hen,milk,2
7290000187952,Shupersal-Shelly_Nativ-Hen,toilet paper,1
7296073255475,Shupersal-Shelly_Nativ-Hen,coconut cream,0
8710908148293,Shupersal-Shelly_Nativ-Hen,deodorant,0
7290000497228,Shupersal-Shelly_Nativ-Hen,bread,1
7290004122195,Shupersal-Shelly_Nativ-Hen,yellow cheese,0
7290004128340,Shupersal-Shelly_Nativ-Hen,white cheese,0
7290102397532,Shupersal-Shelly_Nativ-Hen,white cheese,0
3574660239973,Shupersal-Shelly_Nativ-Hen,tampons,0
7290004128364,Shupersal-Shelly_Nativ-Hen,white cheese,0
7290103120658,Shupersal-Shelly_Nativ-Hen,deodorant,2
7290011110000,Shupersal-Shelly_Nativ-Hen,lettuce,0
7290000497273,Shupersal-Shelly_Nativ-Hen,bread,1
7290011110017,Shupersal-Shelly_Nativ-Hen,lettuce,2
7290107933315,Shupersal-Shelly_Nativ-Hen,milk,2
7290014126725,Shupersal-Shelly_Nativ-Hen,coconut cream,2
7290000042640,Shupersal-Shelly_Nativ-Hen,milk,0
7290006712981,Shupersal-Shelly_Nativ-Hen,toothpaste,0
7290000497303,Shupersal-Shelly_Nativ-Hen,bread,1
7290000001692,Shupersal-Shelly_Nativ-Hen,potato,1
7290004122270,Shupersal-Shelly_Nativ-Hen,yellow cheese,0
7290004132514,Shupersal-Shelly_Nativ-Hen,milk,2
5029053002408,Shupersal-Shelly_Nativ-Hen,toilet paper,1
7290008713900,Shupersal-Shelly_Nativ-Hen,bread,1
8690637611698,Shupersal-Shelly_Nativ-Hen,deodorant,0
7290000001715,Shupersal-Shelly_Nativ-Hen,potato,0
7296073224891,Shupersal-Shelly_Nativ-Hen,frozen ,0
7290008713917,Shupersal-Shelly_Nativ-Hen,bread,1
7290011765446,Shupersal-Shelly_Nativ-Hen,toothpaste,0
7290001902301,Shupersal-Shelly_Nativ-Hen,bread,1
7290107280099,Shupersal-Shelly_Nativ-Hen,toilet paper,2
7290004122348,Shupersal-Shelly_Nativ-Hen,yellow cheese,0
7290003189205,Shupersal-Shelly_Nativ-Hen,yellow cheese,0
7290000057088,Shupersal-Shelly_Nativ-Hen,yellow cheese,0
7290009398021,Shupersal-Shelly_Nativ-Hen,bread,0
7290000104201,Shupersal-Shelly_Nativ-Hen,frozen ,0
7290000497426,Shupersal-Shelly_Nativ-Hen,bread,1
7290000057118,Shupersal-Shelly_Nativ-Hen,yellow cheese,0
7296073108269,Shupersal-Shelly_Nativ-Hen,lettuce,0
7290000497457,Shupersal-Shelly_Nativ-Hen,bread,1
7290004011826,Shupersal-Shelly_Nativ-Hen,hamburger,2
7290003719006,Shupersal-Shelly_Nativ-Hen,bread,1
7290000000145,Shupersal-Shelly_Nativ-Hen,cabbage,0
7296073218920,Shupersal-Shelly_Nativ-Hen,bread,0
7296073225072,Shupersal-Shelly_Nativ-Hen,bread,1
7290100924563,Shupersal-Shelly_Nativ-Hen,stain remover,0
7290000497532,Shupersal-Shelly_Nativ-Hen,bread,1
7296073108351,Shupersal-Shelly_Nativ-Hen,lettuce,0
7290014126978,Shupersal-Shelly_Nativ-Hen,stain remover,0
7290000053127,Shupersal-Shelly_Nativ-Hen,yellow cheese,2
7290000262031,Shupersal-Shelly_Nativ-Hen,toilet paper,0
8710908251030,Shupersal-Shelly_Nativ-Hen,deodorant,0
7891024124826,Shupersal-Shelly_Nativ-Hen,toothpaste,0
7290000497570,Shupersal-Shelly_Nativ-Hen,bread,1
7290000196763,Shupersal-Shelly_Nativ-Hen,garbage bag,2
7290000055206,Shupersal-Shelly_Nativ-Hen,white cheese,0
7290003153831,Shupersal-Shelly_Nativ-Hen,peanut snack,1
7290102395378,Shupersal-Shelly_Nativ-Hen,yellow cheese,0
3600541033399,Shupersal-Shelly_Nativ-Hen,deodorant,0
7290014940093,Shupersal-Shelly_Nativ-Hen,bread,1
7290006322111,Shupersal-Shelly_Nativ-Hen,bread,1
7290004122560,Shupersal-Shelly_Nativ-Hen,yellow cheese,0
4015000615884,Shupersal-Shelly_Nativ-Hen,deodorant,0
7290014426061,Shupersal-Shelly_Nativ-Hen,toothpaste,0
7290006322128,Shupersal-Shelly_Nativ-Hen,bread,1
7290000002002,Shupersal-Shelly_Nativ-Hen,bread,0
4015000615891,Shupersal-Shelly_Nativ-Hen,deodorant,0
7290000554969,Shupersal-Shelly_Nativ-Hen,white cheese,2
7290000053219,Shupersal-Shelly_Nativ-Hen,yellow cheese,2
7290000554983,Shupersal-Shelly_Nativ-Hen,white cheese,2
7290000002026,Shupersal-Shelly_Nativ-Hen,bread,0
7290000530413,Shupersal-Shelly_Nativ-Hen,hamburger,2
7290004122607,Shupersal-Shelly_Nativ-Hen,yellow cheese,2
482562200560,Shupersal-Shelly_Nativ-Hen,fats remover,0
4015000615921,Shupersal-Shelly_Nativ-Hen,deodorant,0
7290101863410,Shupersal-Shelly_Nativ-Hen,bleach,0
7290002371571,Shupersal-Shelly_Nativ-Hen,bread,2
7290006322166,Shupersal-Shelly_Nativ-Hen,bread,1
7290002824183,Shupersal-Shelly_Nativ-Hen,white cheese,0
7290000002040,Shupersal-Shelly_Nativ-Hen,bread,0
8711600350212,Shupersal-Shelly_Nativ-Hen,deodorant,0
7290000040974,Shupersal-Shelly_Nativ-Hen,milk,2
7290000000022,Shupersal-Shelly_Nativ-Hen,tomato,0
7296073098263,Shupersal-Shelly_Nativ-Hen,frozen ,0
7290104962073,Shupersal-Shelly_Nativ-Hen,deodorant,0
7290000055350,Shupersal-Shelly_Nativ-Hen,yellow cheese,0
7290004134983,Shupersal-Shelly_Nativ-Hen,yellow cheese,0
7290104962127,Shupersal-Shelly_Nativ-Hen,deodorant,0
7290001902677,Shupersal-Shelly_Nativ-Hen,bread,0
7290104962134,Shupersal-Shelly_Nativ-Hen,deodorant,0
7290000000091,Shupersal-Shelly_Nativ-Hen,pepper,0
7290002814047,Shupersal-Shelly_Nativ-Hen,bleach,1
7290011499624,Shupersal-Shelly_Nativ-Hen,white cheese,0
7290003719280,Shupersal-Shelly_Nativ-Hen,bread,1
7290006652027,Shupersal-Shelly_Nativ-Hen,peanut snack,2
7290005838972,Shupersal-Shelly_Nativ-Hen,white cheese,0
7290104509568,Shupersal-Shelly_Nativ-Hen,peanut snack,1
7290000188553,Shupersal-Shelly_Nativ-Hen,tampons,0
7290000000138,Shupersal-Shelly_Nativ-Hen,cabbage,0
7290000188560,Shupersal-Shelly_Nativ-Hen,tampons,0
7290000168081,Shupersal-Shelly_Nativ-Hen,deodorant,2
7290006742162,Shupersal-Shelly_Nativ-Hen,hamburger,2
7290004126872,Shupersal-Shelly_Nativ-Hen,milk,0
5029053510811,Shupersal-Shelly_Nativ-Hen,tampons,0
7290105693341,Shupersal-Shelly_Nativ-Hen,peanut snack,2
7290000188591,Shupersal-Shelly_Nativ-Hen,tampons,0
7290001902776,Shupersal-Shelly_Nativ-Hen,bread,0
7296073231547,Shupersal-Shelly_Nativ-Hen,milk,0
7290001902783,Shupersal-Shelly_Nativ-Hen,bread,0
7296073231554,Shupersal-Shelly_Nativ-Hen,milk,0
7290002814160,Shupersal-Shelly_Nativ-Hen,fats remover,2
7290001485019,Shupersal-Shelly_Nativ-Hen,white cheese,0
7290107874526,Shupersal-Shelly_Nativ-Hen,peanut snack,1
7290001312995,Shupersal-Shelly_Nativ-Hen,bread,0
7290000104676,Shupersal-Shelly_Nativ-Hen,frozen ,0
7290000104683,Shupersal-Shelly_Nativ-Hen,frozen ,2
7296073219965,Shupersal-Shelly_Nativ-Hen,peanut snack,0
7290000104690,Shupersal-Shelly_Nativ-Hen,frozen ,0
7290004120832,Shupersal-Shelly_Nativ-Hen,milk,0
7290004131074,Shupersal-Shelly_Nativ-Hen,milk,0
7290016437508,Shupersal-Shelly_Nativ-Hen,toilet paper,0
7290000379142,Shupersal-Shelly_Nativ-Hen,bread,1
7290000104720,Shupersal-Shelly_Nativ-Hen,frozen ,0
7296073219347,Shupersal-Shelly_Nativ-Hen,bread,0
7290000194837,Shupersal-Shelly_Nativ-Hen,bag,1
7290100921623,Shupersal-Shelly_Nativ-Hen,bleach,2
7290000000282,Shupersal-Shelly_Nativ-Hen,lettuce,0
7290014397729,Shupersal-Shelly_Nativ-Hen,bleach,0
7290000104744,Shupersal-Shelly_Nativ-Hen,frozen ,2
7290004130695,Shupersal-Shelly_Nativ-Hen,milk,2
7290002079033,Shupersal-Shelly_Nativ-Hen,bread,1
7290000379203,Shupersal-Shelly_Nativ-Hen,bread,1
7290002730316,Shupersal-Shelly_Nativ-Hen,toothpaste,0
7290004129101,Shupersal-Shelly_Nativ-Hen,white cheese,0
7296073241935,Shupersal-Shelly_Nativ-Hen,toilet paper,1
7290004137311,Shupersal-Shelly_Nativ-Hen,yellow cheese,0
7290000262499,Shupersal-Shelly_Nativ-Hen,toilet paper,2
7290013848932,Shupersal-Shelly_Nativ-Hen,deodorant,0
4015000519915,Shupersal-Shelly_Nativ-Hen,deodorant,0
7290000104836,Shupersal-Shelly_Nativ-Hen,frozen ,2
7290004131227,Shupersal-Shelly_Nativ-Hen,white cheese,0
8690637673887,Shupersal-Shelly_Nativ-Hen,deodorant,0
7290107932080,Shupersal-Shelly_Nativ-Hen,milk,2
7290010650033,Shupersal-Shelly_Nativ-Hen,onion,2
7290105966018,Shupersal-Shelly_Nativ-Hen,milk,0
7296073002574,Shupersal-Shelly_Nativ-Hen,garbage bag,0
7290107932127,Shupersal-Shelly_Nativ-Hen,milk,2
7290000000480,Shupersal-Shelly_Nativ-Hen,onion,0
7290107932134,Shupersal-Shelly_Nativ-Hen,milk,2
7290000692135,Shupersal-Shelly_Nativ-Hen,deodorant,2
7290000295404,Shupersal-Shelly_Nativ-Hen,garbage bag,0
5029053523446,Shupersal-Shelly_Nativ-Hen,tampons,0
7296073219576,Shupersal-Shelly_Nativ-Hen,garbage bag,0
7290015116800,Shupersal-Shelly_Nativ-Hen,potato,0
7290000104706,Shupersal-Shelly_Nativ-Hen,frozen ,0
7290015366670,Shupersal-Shelly_Nativ-Hen,toothpaste,0
7290100653586,Shupersal-Shelly_Nativ-Hen,deodorant,2
7290003189267,Shupersal-Shelly_Nativ-Hen,yellow cheese,0
8690637631009,Shupersal-Shelly_Nativ-Hen,deodorant,0
8690637538858,Shupersal-Shelly_Nativ-Hen,deodorant,0
7296073002543,Shupersal-Shelly_Nativ-Hen,garbage bag,0
7290008096317,Shupersal-Shelly_Nativ-Hen,toothpaste,2
7290000963136,Shupersal-Shelly_Nativ-Hen,apple,0
7296073002567,Shupersal-Shelly_Nativ-Hen,garbage bag,0
7290103408206,Shupersal-Shelly_Nativ-Hen,lettuce,0
7290002079316,Shupersal-Shelly_Nativ-Hen,bread,1
7290011743833,Shupersal-Shelly_Nativ-Hen,toothpaste,0
7290102394463,Shupersal-Shelly_Nativ-Hen,yellow cheese,0
7290000963174,Shupersal-Shelly_Nativ-Hen,apple,2
7290000000619,Shupersal-Shelly_Nativ-Hen,pepper,2
7290016114300,Shupersal-Shelly_Nativ-Hen,toilet paper,1
7290004123284,Shupersal-Shelly_Nativ-Hen,white cheese,0
7296073234661,Shupersal-Shelly_Nativ-Hen,peanut snack,1
7290009956009,Shupersal-Shelly_Nativ-Hen,yellow cheese,2
7290002730668,Shupersal-Shelly_Nativ-Hen,toothpaste,0
7290002730675,Shupersal-Shelly_Nativ-Hen,toothpaste,0
7290006492852,Shupersal-Shelly_Nativ-Hen,white cheese,0
7290014860988,Shupersal-Shelly_Nativ-Hen,coconut cream,0
7290012116674,Shupersal-Shelly_Nativ-Hen,deodorant,0
7290000104737,Shupersal-Shelly_Nativ-Hen,frozen ,0
7290004131531,Shupersal-Shelly_Nativ-Hen,milk,2
7290103121631,Shupersal-Shelly_Nativ-Hen,deodorant,0
7290000963297,Shupersal-Shelly_Nativ-Hen,apple,0
4005900816115,Shupersal-Shelly_Nativ-Hen,deodorant,0
7290000979700,Shupersal-Shelly_Nativ-Hen,lettuce,2
7290000066295,Shupersal-Shelly_Nativ-Hen,peanut snack,1
7290102396665,Shupersal-Shelly_Nativ-Hen,yellow cheese,0
7290002661115,Shupersal-Shelly_Nativ-Hen,bread,1
8693495006972,Shupersal-Shelly_Nativ-Hen,toothpaste,0
7290005423871,Shupersal-Shelly_Nativ-Hen,toothpaste,0
7290004129545,Shupersal-Shelly_Nativ-Hen,white cheese,0
7290000066318,Shupersal-Shelly_Nativ-Hen,peanut snack,1
7290000133904,Shupersal-Shelly_Nativ-Hen,deodorant,0
4005900037909,Shupersal-Shelly_Nativ-Hen,deodorant,0
7290010945306,Shupersal-Shelly_Nativ-Hen,milk,0
7290000107295,Shupersal-Shelly_Nativ-Hen,frozen ,2
7290004129569,Shupersal-Shelly_Nativ-Hen,white cheese,2
4005808293674,Shupersal-Shelly_Nativ-Hen,deodorant,0
7290004078379,Shupersal-Shelly_Nativ-Hen,toothpaste,0
7290000963372,Shupersal-Shelly_Nativ-Hen,apple,2
7290106722095,Shupersal-Shelly_Nativ-Hen,bread,1
7290108350258,Shupersal-Shelly_Nativ-Hen,toilet paper,0
7290106722101,Shupersal-Shelly_Nativ-Hen,bread,1
7290000197432,Shupersal-Shelly_Nativ-Hen,bag,1
7290002730811,Shupersal-Shelly_Nativ-Hen,toothpaste,0
7290014762831,Shupersal-Shelly_Nativ-Hen,white cheese,0
7296073236306,Shupersal-Shelly_Nativ-Hen,bleach,1
7290000000855,Shupersal-Shelly_Nativ-Hen,pepper,1
7296073236313,Shupersal-Shelly_Nativ-Hen,bleach,1
7290012086113,Shupersal-Shelly_Nativ-Hen,tomato,1
7290009399165,Shupersal-Shelly_Nativ-Hen,bread,0
7290000474021,Shupersal-Shelly_Nativ-Hen,milk,0
7290010945450,Shupersal-Shelly_Nativ-Hen,white cheese,0
7290002782131,Shupersal-Shelly_Nativ-Hen,deodorant,0
7296073260981,Shupersal-Shelly_Nativ-Hen,yellow cheese,0
7290009954234,Shupersal-Shelly_Nativ-Hen,yellow cheese,2
7290009954241,Shupersal-Shelly_Nativ-Hen,yellow cheese,0
7290000046020,Shupersal-Shelly_Nativ-Hen,yellow cheese,0
7290102394821,Shupersal-Shelly_Nativ-Hen,yellow cheese,0
7290010945481,Shupersal-Shelly_Nativ-Hen,white cheese,0
7290000056272,Shupersal-Shelly_Nativ-Hen,white cheese,0
7290009954258,Shupersal-Shelly_Nativ-Hen,yellow cheese,0
7290107971539,Shupersal-Shelly_Nativ-Hen,peanut snack,2
7290107951067,Shupersal-Shelly_Nativ-Hen,milk,2
7290000474076,Shupersal-Shelly_Nativ-Hen,milk,0
7290102394845,Shupersal-Shelly_Nativ-Hen,yellow cheese,0
7290006618085,Shupersal-Shelly_Nativ-Hen,bleach,0
7290000474090,Shupersal-Shelly_Nativ-Hen,milk,0
7290000963563,Shupersal-Shelly_Nativ-Hen,apple,0
3600541448179,Shupersal-Shelly_Nativ-Hen,deodorant,0
7296073232377,Shupersal-Shelly_Nativ-Hen,milk,2
7290000057088,Shupersal-Express_Marganit,yellow cheese,0
7296073265344,Shupersal-Express_Marganit,milk,1
7290004131074,Shupersal-Express_Marganit,milk,0
7290107933315,Shupersal-Express_Marganit,milk,1
7290000042244,Shupersal-Express_Marganit,milk,1
7290100687109,Shupersal-Express_Marganit,peanut snack,2
7290000474502,Shupersal-Express_Marganit,white cheese,0
7290004122348,Shupersal-Express_Marganit,yellow cheese,0
7290002065623,Shupersal-Express_Marganit,bread,0
7290000001036,Shupersal-Express_Marganit,onion,1
7290000056845,Shupersal-Express_Marganit,milk,1
7290000040974,Shupersal-Express_Marganit,milk,1
7290104508943,Shupersal-Express_Marganit,peanut snack,0
7290102397204,Shupersal-Express_Marganit,yellow cheese,0
7290004126872,Shupersal-Express_Marganit,milk,0
7290010945306,Shupersal-Express_Marganit,milk,1
7290000196763,Shupersal-Express_Marganit,garbage bag,2
7290004869120,Shupersal-Express_Marganit,bread,0
7290000096032,Shupersal-Express_Marganit,bread,1
7290000191140,Shupersal-Express_Marganit,toilet paper,2
7290000379142,Shupersal-Express_Marganit,bread,0
7290000042022,Shupersal-Express_Marganit,milk,1
8690637577512,Shupersal-Express_Marganit,deodorant,0
7296073219576,Shupersal-Express_Marganit,garbage bag,0
7290010945450,Shupersal-Express_Marganit,white cheese,0
7290008713900,Shupersal-Express_Marganit,bread,0
7290000104690,Shupersal-Express_Marganit,frozen ,0
7290000103471,Shupersal-Express_Marganit,frozen ,2
7290107932080,Shupersal-Express_Marganit,milk,1
7290107876674,Shupersal-Express_Marganit,peanut snack,1
7290006492852,Shupersal-Express_Marganit,white cheese,2
7296073260981,Shupersal-Express_Marganit,yellow cheese,0
7290004127800,Shupersal-Express_Marganit,white cheese,1
7290000048185,Shupersal-Express_Marganit,white cheese,0
7296073231547,Shupersal-Express_Marganit,milk,0
7296073232445,Shupersal-Express_Marganit,milk,1
7290000046327,Shupersal-Express_Marganit,yellow cheese,0
7290000963136,Shupersal-Express_Marganit,apple,0
7290000000480,Shupersal-Express_Marganit,onion,0
7296073231554,Shupersal-Express_Marganit,milk,0
7290000042435,Shupersal-Express_Marganit,milk,0
7290102394821,Shupersal-Express_Marganit,yellow cheese,0
7296073002567,Shupersal-Express_Marganit,garbage bag,0
7290010945481,Shupersal-Express_Marganit,white cheese,1
7290000042442,Shupersal-Express_Marganit,milk,0
7290004131531,Shupersal-Express_Marganit,milk,0
7290004129101,Shupersal-Express_Marganit,white cheese,2
7296073002574,Shupersal-Express_Marganit,garbage bag,0
7290014762831,Shupersal-Express_Marganit,white cheese,2
7290004125776,Shupersal-Express_Marganit,yellow cheese,1
7290000574264,Shupersal-Express_Marganit,bread,0
7290008713917,Shupersal-Express_Marganit,bread,0
7290000066318,Shupersal-Express_Marganit,peanut snack,1
4800888150103,Shupersal-Express_Marganit,deodorant,2
7290001485019,Shupersal-Express_Marganit,white cheese,1
7290000474076,Shupersal-Express_Marganit,milk,0
7290102394845,Shupersal-Express_Marganit,yellow cheese,0
7290000104799,Shupersal-Express_Marganit,frozen ,1
7290008713696,Shupersal-Express_Marganit,bread,0
7290002065616,Shupersal-Express_Marganit,bread,0
7290013683533,Shupersal-Express_Marganit,bread,0
7290000963174,Shupersal-Express_Marganit,apple,1
7290000963686,Shupersal-Express_Marganit,apple,1
7290011499624,Shupersal-Express_Marganit,white cheese,1
7290004122089,Shupersal-Express_Marganit,yellow cheese,0
7290000474090,Shupersal-Express_Marganit,milk,0
7290000963563,Shupersal-Express_Marganit,apple,0
7290004128364,Shupersal-Express_Marganit,white cheese,1
7290001713853,Shupersal-Express_Marganit,bleach,2
7296073225072,Shupersal-Express_Marganit,bread,0
7296073218920,Shupersal-Express_Marganit,bread,1
7296073241935,Shupersal-Express_Marganit,toilet paper,0
7290000295404,Shupersal-Express_Marganit,garbage bag,0
7290106722101,Shupersal-Express_Marganit,bread,0
7296073234678,Shupersal-Express_Marganit,peanut snack,1
7290002824183,Shupersal-Express_Marganit,white cheese,1
7296073230700,Shupersal-Express_Marganit,bleach,0
7290102396665,Shupersal-Express_Marganit,yellow cheese,0
7290009398847,Shupersal-Express_Marganit,bread,1
7290000002040,Shupersal-Express_Marganit,bread,1
7290002020479,Shupersal-Express_Marganit,bread,1
7290004869120,Shupersal-Deal_Haifa-mall,bread,1
7290000001036,Shupersal-Deal_Haifa-mall,onion,1
8901537024014,Shupersal-Deal_Haifa-mall,deodorant,0
7290000961552,Shupersal-Deal_Haifa-mall,pepper,1
7296073191445,Shupersal-Deal_Haifa-mall,stain remover,1
7290003220502,Shupersal-Deal_Haifa-mall,coconut cream,0
7290000042008,Shupersal-Deal_Haifa-mall,milk,1
7290102396955,Shupersal-Deal_Haifa-mall,milk,0
7296073191452,Shupersal-Deal_Haifa-mall,stain remover,0
7296073265184,Shupersal-Deal_Haifa-mall,garbage bag,1
7290102396962,Shupersal-Deal_Haifa-mall,milk,1
7290000042022,Shupersal-Deal_Haifa-mall,milk,1
7296073232438,Shupersal-Deal_Haifa-mall,milk,1
7290004127800,Shupersal-Deal_Haifa-mall,white cheese,0
7290000048185,Shupersal-Deal_Haifa-mall,white cheese,0
7290000104799,Shupersal-Deal_Haifa-mall,frozen ,0
4800888150080,Shupersal-Deal_Haifa-mall,deodorant,2
7290004127817,Shupersal-Deal_Haifa-mall,white cheese,0
7290000052298,Shupersal-Deal_Haifa-mall,milk,0
7290004125776,Shupersal-Deal_Haifa-mall,yellow cheese,0
4800888150103,Shupersal-Deal_Haifa-mall,deodorant,2
8000380180837,Shupersal-Deal_Haifa-mall,coconut cream,0
7290005008481,Shupersal-Deal_Haifa-mall,deodorant,0
35000764522,Shupersal-Deal_Haifa-mall,toothpaste,1
7290000300139,Shupersal-Deal_Haifa-mall,hamburger,2
7290000189550,Shupersal-Deal_Haifa-mall,garbage bag,2
7290004129903,Shupersal-Deal_Haifa-mall,white cheese,2
7290004127862,Shupersal-Deal_Haifa-mall,white cheese,1
7290000050300,Shupersal-Deal_Haifa-mall,white cheese,0
7290013558909,Shupersal-Deal_Haifa-mall,lettuce,2
7290000197654,Shupersal-Deal_Haifa-mall,garbage bag,1
7290101866633,Shupersal-Deal_Haifa-mall,stain remover,1
4002448019480,Shupersal-Deal_Haifa-mall,fats remover,0
7290100924563,Shupersal-Deal_Haifa-mall,stain remover,0
7290011607197,Shupersal-Deal_Haifa-mall,stain remover,1
7290000068770,Shupersal-Deal_Haifa-mall,peanut snack,0
783007983780,Shupersal-Deal_Haifa-mall,tampons,1
7290004127916,Shupersal-Deal_Haifa-mall,white cheese,0
7290003495085,Shupersal-Deal_Haifa-mall,bread,1
7290000068787,Shupersal-Deal_Haifa-mall,peanut snack,0
7290002079927,Shupersal-Deal_Haifa-mall,bread,1
7296073265344,Shupersal-Deal_Haifa-mall,milk,1
5000198285505,Shupersal-Deal_Haifa-mall,toothpaste,0
7290004136130,Shupersal-Deal_Haifa-mall,milk,0
7290005084355,Shupersal-Deal_Haifa-mall,toothpaste,1
7290002065616,Shupersal-Deal_Haifa-mall,bread,1
7290004685010,Shupersal-Deal_Haifa-mall,bread,1
7290002065623,Shupersal-Deal_Haifa-mall,bread,1
7290004136154,Shupersal-Deal_Haifa-mall,milk,0
7296073234661,Shupersal-Deal_Haifa-mall,peanut snack,0
7290002766056,Shupersal-Deal_Haifa-mall,tomato,1
7290009168112,Shupersal-Deal_Haifa-mall,hamburger,2
9000100798709,Shupersal-Deal_Haifa-mall,deodorant,0
3600541448438,Shupersal-Deal_Haifa-mall,deodorant,0
7290000046327,Shupersal-Deal_Haifa-mall,yellow cheese,0
7290000146683,Shupersal-Deal_Haifa-mall,deodorant,0
7290100922620,Shupersal-Deal_Haifa-mall,coconut cream,0
7290000042244,Shupersal-Deal_Haifa-mall,milk,0
7290100687109,Shupersal-Deal_Haifa-mall,peanut snack,0
7290102397204,Shupersal-Deal_Haifa-mall,yellow cheese,0
7290100924693,Shupersal-Deal_Haifa-mall,bleach,2
7290100922651,Shupersal-Deal_Haifa-mall,coconut cream,0
7290008000796,Shupersal-Deal_Haifa-mall,toothpaste,0
7290000068893,Shupersal-Deal_Haifa-mall,peanut snack,0
7290000288031,Shupersal-Deal_Haifa-mall,bleach,0
7290101866787,Shupersal-Deal_Haifa-mall,stain remover,1
7290006788399,Shupersal-Deal_Haifa-mall,deodorant,0
7290105368881,Shupersal-Deal_Haifa-mall,milk,0
7290006788405,Shupersal-Deal_Haifa-mall,deodorant,0
7290004134198,Shupersal-Deal_Haifa-mall,milk,0
7290008000826,Shupersal-Deal_Haifa-mall,toothpaste,0
7290000097596,Shupersal-Deal_Haifa-mall,bread,0
7290000187709,Shupersal-Deal_Haifa-mall,toilet paper,0
7290000189758,Shupersal-Deal_Haifa-mall,tampons,0
7296073098294,Shupersal-Deal_Haifa-mall,frozen ,0
7290012938566,Shupersal-Deal_Haifa-mall,toothpaste,0
7290005430602,Shupersal-Deal_Haifa-mall,stain remover,0
7290006788429,Shupersal-Deal_Haifa-mall,deodorant,0
7290006788436,Shupersal-Deal_Haifa-mall,deodorant,0
7290006788443,Shupersal-Deal_Haifa-mall,deodorant,0
4005900036445,Shupersal-Deal_Haifa-mall,deodorant,0
7290004861278,Shupersal-Deal_Haifa-mall,white cheese,2
7290000097633,Shupersal-Deal_Haifa-mall,bread,0
8850367992164,Shupersal-Deal_Haifa-mall,coconut cream,0
7290004685157,Shupersal-Deal_Haifa-mall,bread,1
7290013366634,Shupersal-Deal_Haifa-mall,lettuce,2
8850367992171,Shupersal-Deal_Haifa-mall,coconut cream,2
7296073230700,Shupersal-Deal_Haifa-mall,bleach,0
7290003806577,Shupersal-Deal_Haifa-mall,deodorant,0
7290002800361,Shupersal-Deal_Haifa-mall,hamburger,1
7290003806584,Shupersal-Deal_Haifa-mall,deodorant,0
7290000097657,Shupersal-Deal_Haifa-mall,bread,0
4005900036476,Shupersal-Deal_Haifa-mall,deodorant,0
7290003806591,Shupersal-Deal_Haifa-mall,deodorant,0
7290006788481,Shupersal-Deal_Haifa-mall,deodorant,0
5029053534596,Shupersal-Deal_Haifa-mall,tampons,2
7290000474502,Shupersal-Deal_Haifa-mall,white cheese,0
4005900816108,Shupersal-Deal_Haifa-mall,deodorant,0
7290004685201,Shupersal-Deal_Haifa-mall,bread,1
7290006788498,Shupersal-Deal_Haifa-mall,deodorant,0
7290000497044,Shupersal-Deal_Haifa-mall,bread,1
7290014083479,Shupersal-Deal_Haifa-mall,yellow cheese,0
7290006788504,Shupersal-Deal_Haifa-mall,deodorant,0
4005900036506,Shupersal-Deal_Haifa-mall,deodorant,0
7296073263517,Shupersal-Deal_Haifa-mall,bag,1
7290004131227,Shupersal-Deal_Haifa-mall,white cheese,0
7290000042404,Shupersal-Deal_Haifa-mall,milk,1
7290004685225,Shupersal-Deal_Haifa-mall,bread,1
7290000189871,Shupersal-Deal_Haifa-mall,garbage bag,1
7290102393268,Shupersal-Deal_Haifa-mall,white cheese,1
7290000051956,Shupersal-Deal_Haifa-mall,yellow cheese,2
7290000042435,Shupersal-Deal_Haifa-mall,milk,1
7290011113926,Shupersal-Deal_Haifa-mall,deodorant,0
7290000042442,Shupersal-Deal_Haifa-mall,milk,1
7290000187860,Shupersal-Deal_Haifa-mall,toilet paper,2
7290000042466,Shupersal-Deal_Haifa-mall,milk,1
7290004133627,Shupersal-Deal_Haifa-mall,milk,1
7296073103844,Shupersal-Deal_Haifa-mall,potato,2
7290002020837,Shupersal-Deal_Haifa-mall,bread,0
7290001902059,Shupersal-Deal_Haifa-mall,bread,1
7290102395378,Shupersal-Deal_Haifa-mall,yellow cheese,0
7290104961526,Shupersal-Deal_Haifa-mall,deodorant,0
7290001902073,Shupersal-Deal_Haifa-mall,bread,1
7290002037248,Shupersal-Deal_Haifa-mall,bread,1
7290104961540,Shupersal-Deal_Haifa-mall,deodorant,0
7290000042503,Shupersal-Deal_Haifa-mall,milk,1
7290000056845,Shupersal-Deal_Haifa-mall,milk,1
7290000187921,Shupersal-Deal_Haifa-mall,toilet paper,0
8410104437268,Shupersal-Deal_Haifa-mall,deodorant,0
7290000187938,Shupersal-Deal_Haifa-mall,toilet paper,0
7290003231270,Shupersal-Deal_Haifa-mall,deodorant,2
7290002674221,Shupersal-Deal_Haifa-mall,toothpaste,1
7290000187952,Shupersal-Deal_Haifa-mall,toilet paper,0
7290008945202,Shupersal-Deal_Haifa-mall,garbage bag,0
8593838987831,Shupersal-Deal_Haifa-mall,deodorant,0
7290002814047,Shupersal-Deal_Haifa-mall,bleach,0
8710908148293,Shupersal-Deal_Haifa-mall,deodorant,0
4800888164940,Shupersal-Deal_Haifa-mall,deodorant,2
7290107644495,Shupersal-Deal_Haifa-mall,deodorant,0
7290004122195,Shupersal-Deal_Haifa-mall,yellow cheese,0
7290004128340,Shupersal-Deal_Haifa-mall,white cheese,1
7290102397532,Shupersal-Deal_Haifa-mall,white cheese,0
4800888185440,Shupersal-Deal_Haifa-mall,deodorant,2
3574660239973,Shupersal-Deal_Haifa-mall,tampons,2
7290004128364,Shupersal-Deal_Haifa-mall,white cheese,1
7290109354613,Shupersal-Deal_Haifa-mall,peanut snack,0
7290000497273,Shupersal-Deal_Haifa-mall,bread,1
7290107933315,Shupersal-Deal_Haifa-mall,milk,1
7290000042640,Shupersal-Deal_Haifa-mall,milk,0
7290000497303,Shupersal-Deal_Haifa-mall,bread,1
7290000001692,Shupersal-Deal_Haifa-mall,potato,2
7290004122270,Shupersal-Deal_Haifa-mall,yellow cheese,0
5029053002408,Shupersal-Deal_Haifa-mall,toilet paper,0
7290008713900,Shupersal-Deal_Haifa-mall,bread,1
7290005426865,Shupersal-Deal_Haifa-mall,toothpaste,0
8690637611698,Shupersal-Deal_Haifa-mall,deodorant,0
7290000001715,Shupersal-Deal_Haifa-mall,potato,0
7296073224891,Shupersal-Deal_Haifa-mall,frozen ,0
7290001713853,Shupersal-Deal_Haifa-mall,bleach,0
7290011765446,Shupersal-Deal_Haifa-mall,toothpaste,0
7290004120269,Shupersal-Deal_Haifa-mall,milk,0
7290001902301,Shupersal-Deal_Haifa-mall,bread,1
7290107280099,Shupersal-Deal_Haifa-mall,toilet paper,2
8711600765672,Shupersal-Deal_Haifa-mall,deodorant,0
7290004122348,Shupersal-Deal_Haifa-mall,yellow cheese,0
7290001902318,Shupersal-Deal_Haifa-mall,bread,1
7290100925171,Shupersal-Deal_Haifa-mall,bleach,2
7290000057088,Shupersal-Deal_Haifa-mall,yellow cheese,0
7290009398021,Shupersal-Deal_Haifa-mall,bread,0
7290000104201,Shupersal-Deal_Haifa-mall,frozen ,0
7290000497426,Shupersal-Deal_Haifa-mall,bread,1
7290000057118,Shupersal-Deal_Haifa-mall,yellow cheese,0
7290000096032,Shupersal-Deal_Haifa-mall,bread,0
7290004011819,Shupersal-Deal_Haifa-mall,hamburger,1
7296073108269,Shupersal-Deal_Haifa-mall,lettuce,0
7290000497457,Shupersal-Deal_Haifa-mall,bread,1
7290002037569,Shupersal-Deal_Haifa-mall,bread,1
7290003719006,Shupersal-Deal_Haifa-mall,bread,1
7290001902431,Shupersal-Deal_Haifa-mall,bread,1
7290002730811,Shupersal-Deal_Haifa-mall,toothpaste,0
7290000000145,Shupersal-Deal_Haifa-mall,cabbage,0
7290015603560,Shupersal-Deal_Haifa-mall,coconut cream,0
7296073225072,Shupersal-Deal_Haifa-mall,bread,1
7290013997937,Shupersal-Deal_Haifa-mall,hamburger,1
8710908250996,Shupersal-Deal_Haifa-mall,deodorant,0
7290000497532,Shupersal-Deal_Haifa-mall,bread,1
7296073108351,Shupersal-Deal_Haifa-mall,lettuce,0
7290014126978,Shupersal-Deal_Haifa-mall,stain remover,0
8710908251030,Shupersal-Deal_Haifa-mall,deodorant,0
7891024124826,Shupersal-Deal_Haifa-mall,toothpaste,1
7290000497570,Shupersal-Deal_Haifa-mall,bread,1
7290000196763,Shupersal-Deal_Haifa-mall,garbage bag,2
7290000055206,Shupersal-Deal_Haifa-mall,white cheese,0
7290003153831,Shupersal-Deal_Haifa-mall,peanut snack,0
7290001902066,Shupersal-Deal_Haifa-mall,bread,1
7290000522159,Shupersal-Deal_Haifa-mall,milk,0
7290000522166,Shupersal-Deal_Haifa-mall,milk,0
7290014940093,Shupersal-Deal_Haifa-mall,bread,1
7290006322111,Shupersal-Deal_Haifa-mall,bread,1
7290004122560,Shupersal-Deal_Haifa-mall,yellow cheese,0
7290014426061,Shupersal-Deal_Haifa-mall,toothpaste,1
7290006322128,Shupersal-Deal_Haifa-mall,bread,1
7290004126674,Shupersal-Deal_Haifa-mall,yellow cheese,0
7290000053219,Shupersal-Deal_Haifa-mall,yellow cheese,2
7290000554983,Shupersal-Deal_Haifa-mall,white cheese,2
7290000002026,Shupersal-Deal_Haifa-mall,bread,0
7290000530413,Shupersal-Deal_Haifa-mall,hamburger,1
7290004122607,Shupersal-Deal_Haifa-mall,yellow cheese,2
482562200560,Shupersal-Deal_Haifa-mall,fats remover,0
7290101863410,Shupersal-Deal_Haifa-mall,bleach,0
7290002371571,Shupersal-Deal_Haifa-mall,bread,2
7290006322166,Shupersal-Deal_Haifa-mall,bread,1
7290002824183,Shupersal-Deal_Haifa-mall,white cheese,0
7290000002040,Shupersal-Deal_Haifa-mall,bread,0
7290001902080,Shupersal-Deal_Haifa-mall,bread,1
5029053535234,Shupersal-Deal_Haifa-mall,tampons,0
7290000040974,Shupersal-Deal_Haifa-mall,milk,1
7290006322197,Shupersal-Deal_Haifa-mall,bread,1
7290000000022,Shupersal-Deal_Haifa-mall,tomato,0
7296073098263,Shupersal-Deal_Haifa-mall,frozen ,0
7290104962073,Shupersal-Deal_Haifa-mall,deodorant,0
7290104962080,Shupersal-Deal_Haifa-mall,deodorant,0
7290000903200,Shupersal-Deal_Haifa-mall,bread,0
7290000055350,Shupersal-Deal_Haifa-mall,yellow cheese,0
7290104962110,Shupersal-Deal_Haifa-mall,deodorant,0
7296073118787,Shupersal-Deal_Haifa-mall,lettuce,0
7290004685126,Shupersal-Deal_Haifa-mall,bread,1
7290004134983,Shupersal-Deal_Haifa-mall,yellow cheese,0
7290008713917,Shupersal-Deal_Haifa-mall,bread,1
7290001902677,Shupersal-Deal_Haifa-mall,bread,0
7290000000091,Shupersal-Deal_Haifa-mall,pepper,0
7290000262239,Shupersal-Deal_Haifa-mall,toilet paper,0
7290011499624,Shupersal-Deal_Haifa-mall,white cheese,1
7702018321520,Shupersal-Deal_Haifa-mall,deodorant,2
7296073218920,Shupersal-Deal_Haifa-mall,bread,0
7290102062195,Shupersal-Deal_Haifa-mall,toothpaste,0
7290006652027,Shupersal-Deal_Haifa-mall,peanut snack,2
7290005838972,Shupersal-Deal_Haifa-mall,white cheese,0
7290104509568,Shupersal-Deal_Haifa-mall,peanut snack,0
7290000042176,Shupersal-Deal_Haifa-mall,milk,0
7290000188553,Shupersal-Deal_Haifa-mall,tampons,0
7290000000138,Shupersal-Deal_Haifa-mall,cabbage,0
7290000188560,Shupersal-Deal_Haifa-mall,tampons,0
7290000168081,Shupersal-Deal_Haifa-mall,deodorant,0
7290004126872,Shupersal-Deal_Haifa-mall,milk,0
5029053510811,Shupersal-Deal_Haifa-mall,tampons,0
7296073002574,Shupersal-Deal_Haifa-mall,garbage bag,0
7290105693341,Shupersal-Deal_Haifa-mall,peanut snack,0
5029053510828,Shupersal-Deal_Haifa-mall,tampons,0
5410091648176,Shupersal-Deal_Haifa-mall,deodorant,0
7290001902776,Shupersal-Deal_Haifa-mall,bread,0
7296073231547,Shupersal-Deal_Haifa-mall,milk,1
7290001902783,Shupersal-Deal_Haifa-mall,bread,0
7296073231554,Shupersal-Deal_Haifa-mall,milk,1
7290002814160,Shupersal-Deal_Haifa-mall,fats remover,2
7290001485019,Shupersal-Deal_Haifa-mall,white cheese,1
7290107874526,Shupersal-Deal_Haifa-mall,peanut snack,0
7290001485026,Shupersal-Deal_Haifa-mall,white cheese,1
7290001312995,Shupersal-Deal_Haifa-mall,bread,0
7290000104676,Shupersal-Deal_Haifa-mall,frozen ,0
4015000519915,Shupersal-Deal_Haifa-mall,deodorant,0
7296073219965,Shupersal-Deal_Haifa-mall,peanut snack,0
4005808624881,Shupersal-Deal_Haifa-mall,deodorant,0
7290000104690,Shupersal-Deal_Haifa-mall,frozen ,0
7290016197877,Shupersal-Deal_Haifa-mall,garbage bag,2
7290000803067,Shupersal-Deal_Haifa-mall,toothpaste,0
7290108200188,Shupersal-Deal_Haifa-mall,stain remover,0
7891024030974,Shupersal-Deal_Haifa-mall,toothpaste,0
7296073219330,Shupersal-Deal_Haifa-mall,bread,0
7290000379142,Shupersal-Deal_Haifa-mall,bread,1
3661163934983,Shupersal-Deal_Haifa-mall,deodorant,0
7290000104713,Shupersal-Deal_Haifa-mall,frozen ,0
7296073219347,Shupersal-Deal_Haifa-mall,bread,0
7290100921623,Shupersal-Deal_Haifa-mall,bleach,2
7290000000282,Shupersal-Deal_Haifa-mall,lettuce,0
7290014397729,Shupersal-Deal_Haifa-mall,bleach,0
7290103129378,Shupersal-Deal_Haifa-mall,deodorant,2
8690637577512,Shupersal-Deal_Haifa-mall,deodorant,0
7290000104706,Shupersal-Deal_Haifa-mall,frozen ,0
3661163990323,Shupersal-Deal_Haifa-mall,deodorant,0
7290002079033,Shupersal-Deal_Haifa-mall,bread,1
7290013848895,Shupersal-Deal_Haifa-mall,deodorant,0
7290107876674,Shupersal-Deal_Haifa-mall,peanut snack,0
7290000379203,Shupersal-Deal_Haifa-mall,bread,1
7290002730316,Shupersal-Deal_Haifa-mall,toothpaste,0
7290004129101,Shupersal-Deal_Haifa-mall,white cheese,1
7296073241935,Shupersal-Deal_Haifa-mall,toilet paper,0
7290013848925,Shupersal-Deal_Haifa-mall,deodorant,0
7290004137311,Shupersal-Deal_Haifa-mall,yellow cheese,0
7290000262499,Shupersal-Deal_Haifa-mall,toilet paper,2
7296073246053,Shupersal-Deal_Haifa-mall,frozen ,0
7290000104829,Shupersal-Deal_Haifa-mall,frozen ,2
7290009955712,Shupersal-Deal_Haifa-mall,yellow cheese,0
7290000104683,Shupersal-Deal_Haifa-mall,frozen ,0
7290000104836,Shupersal-Deal_Haifa-mall,frozen ,0
7290002511250,Shupersal-Deal_Haifa-mall,white cheese,2
7290013848987,Shupersal-Deal_Haifa-mall,deodorant,0
7290002511274,Shupersal-Deal_Haifa-mall,white cheese,2
7290107932080,Shupersal-Deal_Haifa-mall,milk,1
7290011745714,Shupersal-Deal_Haifa-mall,toothpaste,0
7290000203188,Shupersal-Deal_Haifa-mall,toilet paper,0
4005900828088,Shupersal-Deal_Haifa-mall,deodorant,0
7290102392254,Shupersal-Deal_Haifa-mall,milk,0
4005900828095,Shupersal-Deal_Haifa-mall,deodorant,0
3700230200771,Shupersal-Deal_Haifa-mall,bread,0
7296073234678,Shupersal-Deal_Haifa-mall,peanut snack,0
7290000497228,Shupersal-Deal_Haifa-mall,bread,1
7290003189205,Shupersal-Deal_Haifa-mall,yellow cheese,0
7290107932127,Shupersal-Deal_Haifa-mall,milk,1
7290000000480,Shupersal-Deal_Haifa-mall,onion,0
7290107932134,Shupersal-Deal_Haifa-mall,milk,1
7290004685140,Shupersal-Deal_Haifa-mall,bread,1
7290002079996,Shupersal-Deal_Haifa-mall,bread,1
7290000295404,Shupersal-Deal_Haifa-mall,garbage bag,1
5029053523446,Shupersal-Deal_Haifa-mall,tampons,0
7296073219576,Shupersal-Deal_Haifa-mall,garbage bag,1
7290015116800,Shupersal-Deal_Haifa-mall,potato,0
7290000090627,Shupersal-Deal_Haifa-mall,bread,0
7290000133645,Shupersal-Deal_Haifa-mall,toothpaste,0
7290015366670,Shupersal-Deal_Haifa-mall,toothpaste,0
7290100653586,Shupersal-Deal_Haifa-mall,deodorant,2
7290003189267,Shupersal-Deal_Haifa-mall,yellow cheese,0
7290100653593,Shupersal-Deal_Haifa-mall,deodorant,2
8714789132549,Shupersal-Deal_Haifa-mall,toothpaste,0
8690637631009,Shupersal-Deal_Haifa-mall,deodorant,0
7290009399165,Shupersal-Deal_Haifa-mall,bread,0
7296073002543,Shupersal-Deal_Haifa-mall,garbage bag,1
7290108200201,Shupersal-Deal_Haifa-mall,stain remover,0
7290008096317,Shupersal-Deal_Haifa-mall,toothpaste,0
7290000963136,Shupersal-Deal_Haifa-mall,apple,0
7296073002567,Shupersal-Deal_Haifa-mall,garbage bag,0
7290103408206,Shupersal-Deal_Haifa-mall,lettuce,0
7290000295503,Shupersal-Deal_Haifa-mall,bag,2
7290002079316,Shupersal-Deal_Haifa-mall,bread,1
3600541466197,Shupersal-Deal_Haifa-mall,deodorant,0
7290011743833,Shupersal-Deal_Haifa-mall,toothpaste,1
7290102394463,Shupersal-Deal_Haifa-mall,yellow cheese,0
7290000963174,Shupersal-Deal_Haifa-mall,apple,2
7290000000619,Shupersal-Deal_Haifa-mall,pepper,2
7296073002604,Shupersal-Deal_Haifa-mall,bag,0
3600541033405,Shupersal-Deal_Haifa-mall,deodorant,0
7290011598457,Shupersal-Deal_Haifa-mall,toilet paper,0
7290016114300,Shupersal-Deal_Haifa-mall,toilet paper,0
4800888542854,Shupersal-Deal_Haifa-mall,deodorant,2
4005900816009,Shupersal-Deal_Haifa-mall,deodorant,0
7290000199313,Shupersal-Deal_Haifa-mall,tampons,0
7296073240211,Shupersal-Deal_Haifa-mall,toilet paper,0
7290004123284,Shupersal-Deal_Haifa-mall,white cheese,0
7290009956009,Shupersal-Deal_Haifa-mall,yellow cheese,2
7290002730668,Shupersal-Deal_Haifa-mall,toothpaste,0
7290002730675,Shupersal-Deal_Haifa-mall,toothpaste,0
7290006492852,Shupersal-Deal_Haifa-mall,white cheese,1
7290010945481,Shupersal-Deal_Haifa-mall,white cheese,0
7290014860988,Shupersal-Deal_Haifa-mall,coconut cream,0
7290108350142,Shupersal-Deal_Haifa-mall,bag,2
7290000289472,Shupersal-Deal_Haifa-mall,garbage bag,1
7290008344258,Shupersal-Deal_Haifa-mall,hamburger,1
7290000104737,Shupersal-Deal_Haifa-mall,frozen ,0
7290004131531,Shupersal-Deal_Haifa-mall,milk,0
7290008344272,Shupersal-Deal_Haifa-mall,hamburger,1
7296073119456,Shupersal-Deal_Haifa-mall,lettuce,0
7290000963297,Shupersal-Deal_Haifa-mall,apple,0
8690637622908,Shupersal-Deal_Haifa-mall,deodorant,2
7702018985708,Shupersal-Deal_Haifa-mall,deodorant,0
7290000963310,Shupersal-Deal_Haifa-mall,apple,2
7290000104744,Shupersal-Deal_Haifa-mall,frozen ,0
4005900816115,Shupersal-Deal_Haifa-mall,deodorant,0
7290000979700,Shupersal-Deal_Haifa-mall,lettuce,0
7290000066295,Shupersal-Deal_Haifa-mall,peanut snack,0
7290005425912,Shupersal-Deal_Haifa-mall,stain remover,1
7290102396665,Shupersal-Deal_Haifa-mall,yellow cheese,0
7290002661115,Shupersal-Deal_Haifa-mall,bread,1
3661163990781,Shupersal-Deal_Haifa-mall,deodorant,0
7290005423871,Shupersal-Deal_Haifa-mall,toothpaste,0
7290102396672,Shupersal-Deal_Haifa-mall,yellow cheese,0
7290108350210,Shupersal-Deal_Haifa-mall,garbage bag,2
7290004129545,Shupersal-Deal_Haifa-mall,white cheese,0
7290009956108,Shupersal-Deal_Haifa-mall,yellow cheese,0
7290000066318,Shupersal-Deal_Haifa-mall,peanut snack,0
7290000133904,Shupersal-Deal_Haifa-mall,deodorant,0
4005900037909,Shupersal-Deal_Haifa-mall,deodorant,0
7290004731670,Shupersal-Deal_Haifa-mall,deodorant,0
7290010945306,Shupersal-Deal_Haifa-mall,milk,0
7290014455580,Shupersal-Deal_Haifa-mall,white cheese,1
7290000107295,Shupersal-Deal_Haifa-mall,frozen ,0
8714789095653,Shupersal-Deal_Haifa-mall,toothpaste,0
7296073211686,Shupersal-Deal_Haifa-mall,bread,1
7290004129576,Shupersal-Deal_Haifa-mall,white cheese,2
4005808293674,Shupersal-Deal_Haifa-mall,deodorant,0
7290004078379,Shupersal-Deal_Haifa-mall,toothpaste,0
7290000963372,Shupersal-Deal_Haifa-mall,apple,2
7290014455597,Shupersal-Deal_Haifa-mall,white cheese,1
7290106722095,Shupersal-Deal_Haifa-mall,bread,1
7290108350258,Shupersal-Deal_Haifa-mall,toilet paper,0
7290106722101,Shupersal-Deal_Haifa-mall,bread,1
7290000197432,Shupersal-Deal_Haifa-mall,bag,2
7290000289595,Shupersal-Deal_Haifa-mall,toothpaste,0
7296073211709,Shupersal-Deal_Haifa-mall,bread,1
783007983926,Shupersal-Deal_Haifa-mall,tampons,1
7290014762831,Shupersal-Deal_Haifa-mall,white cheese,1
7296073236306,Shupersal-Deal_Haifa-mall,bleach,0
7290000000855,Shupersal-Deal_Haifa-mall,pepper,1
7296073236313,Shupersal-Deal_Haifa-mall,bleach,0
8714789930848,Shupersal-Deal_Haifa-mall,toothpaste,1
7290012086113,Shupersal-Deal_Haifa-mall,tomato,1
7290101487470,Shupersal-Deal_Haifa-mall,deodorant,2
7296073267065,Shupersal-Deal_Haifa-mall,fats remover,0
7290002079613,Shupersal-Deal_Haifa-mall,bread,1
4015000031394,Shupersal-Deal_Haifa-mall,stain remover,0
7290000048192,Shupersal-Deal_Haifa-mall,white cheese,0
3661163970448,Shupersal-Deal_Haifa-mall,deodorant,0
7290102060955,Shupersal-Deal_Haifa-mall,toothpaste,0
7290000474021,Shupersal-Deal_Haifa-mall,milk,1
7290010945450,Shupersal-Deal_Haifa-mall,white cheese,0
7290102060979,Shupersal-Deal_Haifa-mall,toothpaste,0
7296073260981,Shupersal-Deal_Haifa-mall,yellow cheese,0
7290009954234,Shupersal-Deal_Haifa-mall,yellow cheese,2
7290009954241,Shupersal-Deal_Haifa-mall,yellow cheese,0
7290105434050,Shupersal-Deal_Haifa-mall,deodorant,2
7290000046020,Shupersal-Deal_Haifa-mall,yellow cheese,0
7290102394821,Shupersal-Deal_Haifa-mall,yellow cheese,0
7296073260998,Shupersal-Deal_Haifa-mall,yellow cheese,0
8710908427596,Shupersal-Deal_Haifa-mall,deodorant,0
7290000056272,Shupersal-Deal_Haifa-mall,white cheese,0
7290000098296,Shupersal-Deal_Haifa-mall,bread,0
7290009954258,Shupersal-Deal_Haifa-mall,yellow cheese,0
7290000097237,Shupersal-Deal_Haifa-mall,bread,0
7290105434074,Shupersal-Deal_Haifa-mall,deodorant,2
7290107951067,Shupersal-Deal_Haifa-mall,milk,1
7290000474076,Shupersal-Deal_Haifa-mall,milk,1
7290102394845,Shupersal-Deal_Haifa-mall,yellow cheese,0
7290006390752,Shupersal-Deal_Haifa-mall,bread,1
7290004119522,Shupersal-Deal_Haifa-mall,milk,0
3574661136356,Shupersal-Deal_Haifa-mall,tampons,1
7290006618085,Shupersal-Deal_Haifa-mall,bleach,0
7290000474090,Shupersal-Deal_Haifa-mall,milk,1
7290000963563,Shupersal-Deal_Haifa-mall,apple,0
7296073232377,Shupersal-Deal_Haifa-mall,milk,1
7290004869120,Shupersal-Deal_Grand-mall,bread,0
9000100806657,Shupersal-Deal_Grand-mall,deodorant,0
22200956932,Shupersal-Deal_Grand-mall,deodorant,2
7290000001036,Shupersal-Deal_Grand-mall,onion,0
8901537024014,Shupersal-Deal_Grand-mall,deodorant,0
7290000961552,Shupersal-Deal_Grand-mall,pepper,1
7290000104799,Shupersal-Deal_Grand-mall,frozen ,0
7290003220502,Shupersal-Deal_Grand-mall,coconut cream,0
617395099993,Shupersal-Deal_Grand-mall,cabbage,2
7290000042008,Shupersal-Deal_Grand-mall,milk,1
7290102396955,Shupersal-Deal_Grand-mall,milk,0
7296073191452,Shupersal-Deal_Grand-mall,stain remover,0
7296073265184,Shupersal-Deal_Grand-mall,garbage bag,0
7290102396962,Shupersal-Deal_Grand-mall,milk,1
7290000042022,Shupersal-Deal_Grand-mall,milk,1
7296073219330,Shupersal-Deal_Grand-mall,bread,0
7290012823602,Shupersal-Deal_Grand-mall,toilet paper,0
7296073232438,Shupersal-Deal_Grand-mall,milk,1
7290004127800,Shupersal-Deal_Grand-mall,white cheese,0
7290000048185,Shupersal-Deal_Grand-mall,white cheese,0
7290004137311,Shupersal-Deal_Grand-mall,yellow cheese,0
7296073232445,Shupersal-Deal_Grand-mall,milk,1
7290014890046,Shupersal-Deal_Grand-mall,white cheese,1
4800888150080,Shupersal-Deal_Grand-mall,deodorant,2
7290006322128,Shupersal-Deal_Grand-mall,bread,0
7290014890053,Shupersal-Deal_Grand-mall,white cheese,1
7290004127817,Shupersal-Deal_Grand-mall,white cheese,0
7290000052298,Shupersal-Deal_Grand-mall,milk,0
7290014890060,Shupersal-Deal_Grand-mall,white cheese,1
7290000052304,Shupersal-Deal_Grand-mall,milk,0
4800888150103,Shupersal-Deal_Grand-mall,deodorant,2
7290004685157,Shupersal-Deal_Grand-mall,bread,0
7290005008481,Shupersal-Deal_Grand-mall,deodorant,2
7296073224891,Shupersal-Deal_Grand-mall,frozen ,0
35000764522,Shupersal-Deal_Grand-mall,toothpaste,1
7290000300139,Shupersal-Deal_Grand-mall,hamburger,0
7290000189550,Shupersal-Deal_Grand-mall,garbage bag,0
7290004129903,Shupersal-Deal_Grand-mall,white cheese,2
7290004127862,Shupersal-Deal_Grand-mall,white cheese,1
7290000050300,Shupersal-Deal_Grand-mall,white cheese,0
7290013558909,Shupersal-Deal_Grand-mall,lettuce,2
7290000965765,Shupersal-Deal_Grand-mall,apple,2
7290101866633,Shupersal-Deal_Grand-mall,stain remover,1
7290012116674,Shupersal-Deal_Grand-mall,deodorant,0
4002448019480,Shupersal-Deal_Grand-mall,fats remover,0
7290002065555,Shupersal-Deal_Grand-mall,bread,0
7290000396439,Shupersal-Deal_Grand-mall,tomato,1
7805000784027,Shupersal-Deal_Grand-mall,deodorant,2
7290011607197,Shupersal-Deal_Grand-mall,stain remover,1
7290000068770,Shupersal-Deal_Grand-mall,peanut snack,0
783007983780,Shupersal-Deal_Grand-mall,tampons,0
7290004127916,Shupersal-Deal_Grand-mall,white cheese,0
7290003495085,Shupersal-Deal_Grand-mall,bread,0
7290000068787,Shupersal-Deal_Grand-mall,peanut snack,0
7290002079927,Shupersal-Deal_Grand-mall,bread,0
7290001791349,Shupersal-Deal_Grand-mall,bleach,0
7290000042176,Shupersal-Deal_Grand-mall,milk,0
5000198285505,Shupersal-Deal_Grand-mall,toothpaste,0
7290004136130,Shupersal-Deal_Grand-mall,milk,0
7290005084355,Shupersal-Deal_Grand-mall,toothpaste,1
7290002065616,Shupersal-Deal_Grand-mall,bread,0
7290004685010,Shupersal-Deal_Grand-mall,bread,0
7290002065623,Shupersal-Deal_Grand-mall,bread,0
8710908427596,Shupersal-Deal_Grand-mall,deodorant,0
7290000960548,Shupersal-Deal_Grand-mall,cucumber,1
7290004136154,Shupersal-Deal_Grand-mall,milk,0
8714789095653,Shupersal-Deal_Grand-mall,toothpaste,0
7290002766056,Shupersal-Deal_Grand-mall,tomato,1
7290009168112,Shupersal-Deal_Grand-mall,hamburger,0
3600541448438,Shupersal-Deal_Grand-mall,deodorant,0
7290000046327,Shupersal-Deal_Grand-mall,yellow cheese,0
616932184314,Shupersal-Deal_Grand-mall,lettuce,2
7290100922620,Shupersal-Deal_Grand-mall,coconut cream,0
7296073234685,Shupersal-Deal_Grand-mall,peanut snack,1
667538086144,Shupersal-Deal_Grand-mall,deodorant,0
7290004023553,Shupersal-Deal_Grand-mall,bread,0
7290010546435,Shupersal-Deal_Grand-mall,hamburger,2
7290000042244,Shupersal-Deal_Grand-mall,milk,0
7290100687109,Shupersal-Deal_Grand-mall,peanut snack,0
7290006788481,Shupersal-Deal_Grand-mall,deodorant,0
7290102397204,Shupersal-Deal_Grand-mall,yellow cheese,0
7290006788375,Shupersal-Deal_Grand-mall,deodorant,2
667538086168,Shupersal-Deal_Grand-mall,deodorant,0
7296073230724,Shupersal-Deal_Grand-mall,bleach,0
7290100922651,Shupersal-Deal_Grand-mall,coconut cream,0
7290008000796,Shupersal-Deal_Grand-mall,toothpaste,1
7290000068893,Shupersal-Deal_Grand-mall,peanut snack,1
7290000288031,Shupersal-Deal_Grand-mall,bleach,0
7290101866787,Shupersal-Deal_Grand-mall,stain remover,1
3661163991344,Shupersal-Deal_Grand-mall,deodorant,0
7290105368881,Shupersal-Deal_Grand-mall,milk,0
7290006788405,Shupersal-Deal_Grand-mall,deodorant,0
783007983926,Shupersal-Deal_Grand-mall,tampons,0
7290008000826,Shupersal-Deal_Grand-mall,toothpaste,1
7290000097596,Shupersal-Deal_Grand-mall,bread,0
7290000187709,Shupersal-Deal_Grand-mall,toilet paper,0
7290000189758,Shupersal-Deal_Grand-mall,tampons,0
7296073098294,Shupersal-Deal_Grand-mall,frozen ,1
7290012938566,Shupersal-Deal_Grand-mall,toothpaste,0
7290005430602,Shupersal-Deal_Grand-mall,stain remover,0
7290006788429,Shupersal-Deal_Grand-mall,deodorant,0
7290107640145,Shupersal-Deal_Grand-mall,deodorant,0
7290006788436,Shupersal-Deal_Grand-mall,deodorant,0
7290004121945,Shupersal-Deal_Grand-mall,milk,1
7290004861278,Shupersal-Deal_Grand-mall,white cheese,2
7290000097633,Shupersal-Deal_Grand-mall,bread,0
7290006788450,Shupersal-Deal_Grand-mall,deodorant,0
8850367992164,Shupersal-Deal_Grand-mall,coconut cream,0
8000380180837,Shupersal-Deal_Grand-mall,coconut cream,0
7290013883452,Shupersal-Deal_Grand-mall,bleach,0
7290013366634,Shupersal-Deal_Grand-mall,lettuce,2
7296073230700,Shupersal-Deal_Grand-mall,bleach,0
7290013090157,Shupersal-Deal_Grand-mall,lettuce,0
7290003806577,Shupersal-Deal_Grand-mall,deodorant,0
7290106577268,Shupersal-Deal_Grand-mall,peanut snack,0
7290104962110,Shupersal-Deal_Grand-mall,deodorant,0
7290003806584,Shupersal-Deal_Grand-mall,deodorant,0
7290000097657,Shupersal-Deal_Grand-mall,bread,0
617395100026,Shupersal-Deal_Grand-mall,lettuce,2
7290013090171,Shupersal-Deal_Grand-mall,lettuce,2
4005900036476,Shupersal-Deal_Grand-mall,deodorant,2
5029053534589,Shupersal-Deal_Grand-mall,tampons,0
7290003806591,Shupersal-Deal_Grand-mall,deodorant,0
7290000048192,Shupersal-Deal_Grand-mall,white cheese,0
5029053534596,Shupersal-Deal_Grand-mall,tampons,0
7290000474502,Shupersal-Deal_Grand-mall,white cheese,0
7290004122348,Shupersal-Deal_Grand-mall,yellow cheese,0
5029053534602,Shupersal-Deal_Grand-mall,tampons,0
7290003806607,Shupersal-Deal_Grand-mall,deodorant,0
7290004685201,Shupersal-Deal_Grand-mall,bread,0
7290000497044,Shupersal-Deal_Grand-mall,bread,0
7290006920942,Shupersal-Deal_Grand-mall,yellow cheese,0
7290014083479,Shupersal-Deal_Grand-mall,yellow cheese,0
4005900036506,Shupersal-Deal_Grand-mall,deodorant,2
7290013358493,Shupersal-Deal_Grand-mall,coconut cream,0
7290000042404,Shupersal-Deal_Grand-mall,milk,1
7290000046501,Shupersal-Deal_Grand-mall,yellow cheese,2
7290004685225,Shupersal-Deal_Grand-mall,bread,0
7290000189871,Shupersal-Deal_Grand-mall,garbage bag,1
7290102393268,Shupersal-Deal_Grand-mall,white cheese,1
7290000051956,Shupersal-Deal_Grand-mall,yellow cheese,2
7290000042435,Shupersal-Deal_Grand-mall,milk,1
7290000042442,Shupersal-Deal_Grand-mall,milk,1
7290001902028,Shupersal-Deal_Grand-mall,bread,0
7290006788559,Shupersal-Deal_Grand-mall,deodorant,0
7290000187860,Shupersal-Deal_Grand-mall,toilet paper,2
7290001902042,Shupersal-Deal_Grand-mall,bread,0
7290008713696,Shupersal-Deal_Grand-mall,bread,0
7290004125776,Shupersal-Deal_Grand-mall,yellow cheese,0
7290000042466,Shupersal-Deal_Grand-mall,milk,1
7290002661115,Shupersal-Deal_Grand-mall,bread,0
7296073103844,Shupersal-Deal_Grand-mall,potato,0
7290002020837,Shupersal-Deal_Grand-mall,bread,0
7290004122089,Shupersal-Deal_Grand-mall,yellow cheese,0
7290001902059,Shupersal-Deal_Grand-mall,bread,0
7290000146928,Shupersal-Deal_Grand-mall,toothpaste,0
7290102395378,Shupersal-Deal_Grand-mall,yellow cheese,0
667538582004,Shupersal-Deal_Grand-mall,deodorant,0
7290104961526,Shupersal-Deal_Grand-mall,deodorant,0
7290000961279,Shupersal-Deal_Grand-mall,pepper,0
7290002037248,Shupersal-Deal_Grand-mall,bread,0
7290000187907,Shupersal-Deal_Grand-mall,toilet paper,2
7290000042503,Shupersal-Deal_Grand-mall,milk,1
7290000056845,Shupersal-Deal_Grand-mall,milk,1
7290104508943,Shupersal-Deal_Grand-mall,peanut snack,0
7290000187921,Shupersal-Deal_Grand-mall,toilet paper,0
667538582035,Shupersal-Deal_Grand-mall,deodorant,0
8410104437268,Shupersal-Deal_Grand-mall,deodorant,0
7290003231256,Shupersal-Deal_Grand-mall,deodorant,0
7290000187938,Shupersal-Deal_Grand-mall,toilet paper,0
7290010650033,Shupersal-Deal_Grand-mall,onion,2
7296073255468,Shupersal-Deal_Grand-mall,coconut cream,0
7290000042541,Shupersal-Deal_Grand-mall,milk,1
7290000187952,Shupersal-Deal_Grand-mall,toilet paper,0
7290008945202,Shupersal-Deal_Grand-mall,garbage bag,0
7296073255475,Shupersal-Deal_Grand-mall,coconut cream,0
7290000146997,Shupersal-Deal_Grand-mall,toothpaste,0
7290002814047,Shupersal-Deal_Grand-mall,bleach,0
7290002037309,Shupersal-Deal_Grand-mall,hamburger,0
8710908148293,Shupersal-Deal_Grand-mall,deodorant,0
7290014016071,Shupersal-Deal_Grand-mall,bread,0
7290000120393,Shupersal-Deal_Grand-mall,bleach,0
7290013090379,Shupersal-Deal_Grand-mall,onion,0
4800888164940,Shupersal-Deal_Grand-mall,deodorant,2
7290013121103,Shupersal-Deal_Grand-mall,bread,0
7290004122195,Shupersal-Deal_Grand-mall,yellow cheese,0
7290004128340,Shupersal-Deal_Grand-mall,white cheese,1
7290013121110,Shupersal-Deal_Grand-mall,bread,0
7290102397532,Shupersal-Deal_Grand-mall,white cheese,0
7290014016095,Shupersal-Deal_Grand-mall,bread,0
4800888185440,Shupersal-Deal_Grand-mall,deodorant,2
7290105692771,Shupersal-Deal_Grand-mall,bread,0
3574660239973,Shupersal-Deal_Grand-mall,tampons,2
7290013121127,Shupersal-Deal_Grand-mall,bread,0
7290004128364,Shupersal-Deal_Grand-mall,white cheese,1
7290000497426,Shupersal-Deal_Grand-mall,bread,0
7290014016118,Shupersal-Deal_Grand-mall,bread,0
7290000497273,Shupersal-Deal_Grand-mall,bread,0
7290011110017,Shupersal-Deal_Grand-mall,lettuce,0
7290107933315,Shupersal-Deal_Grand-mall,milk,1
7290013121158,Shupersal-Deal_Grand-mall,bread,0
7290000042640,Shupersal-Deal_Grand-mall,milk,0
7290103126674,Shupersal-Deal_Grand-mall,toothpaste,0
7290000497303,Shupersal-Deal_Grand-mall,bread,0
7290000001692,Shupersal-Deal_Grand-mall,potato,0
7290004122270,Shupersal-Deal_Grand-mall,yellow cheese,0
7290003719280,Shupersal-Deal_Grand-mall,bread,0
7290004132514,Shupersal-Deal_Grand-mall,milk,0
5029053002408,Shupersal-Deal_Grand-mall,toilet paper,0
7290008713900,Shupersal-Deal_Grand-mall,bread,0
7290005426865,Shupersal-Deal_Grand-mall,toothpaste,0
8690637611698,Shupersal-Deal_Grand-mall,deodorant,0
7290000107295,Shupersal-Deal_Grand-mall,frozen ,1
7290001713853,Shupersal-Deal_Grand-mall,bleach,0
7290011765446,Shupersal-Deal_Grand-mall,toothpaste,0
7290004339401,Shupersal-Deal_Grand-mall,hamburger,2
7290000964300,Shupersal-Deal_Grand-mall,orange,1
7290004120269,Shupersal-Deal_Grand-mall,milk,0
7290000474830,Shupersal-Deal_Grand-mall,yellow cheese,0
7290001902301,Shupersal-Deal_Grand-mall,bread,0
6001067025122,Shupersal-Deal_Grand-mall,toothpaste,1
8711600765672,Shupersal-Deal_Grand-mall,deodorant,0
7290000042732,Shupersal-Deal_Grand-mall,milk,0
7290001902318,Shupersal-Deal_Grand-mall,bread,0
7296073241331,Shupersal-Deal_Grand-mall,tomato,2
7290000057088,Shupersal-Deal_Grand-mall,yellow cheese,0
7290104509568,Shupersal-Deal_Grand-mall,peanut snack,0
7290000960258,Shupersal-Deal_Grand-mall,orange,0
7296073241348,Shupersal-Deal_Grand-mall,tomato,2
7290009398021,Shupersal-Deal_Grand-mall,bread,0
7290000104201,Shupersal-Deal_Grand-mall,frozen ,0
7296073241355,Shupersal-Deal_Grand-mall,tomato,0
7290000960272,Shupersal-Deal_Grand-mall,tomato,1
7290013090577,Shupersal-Deal_Grand-mall,cucumber,2
7290103120658,Shupersal-Deal_Grand-mall,deodorant,2
7290000057118,Shupersal-Deal_Grand-mall,yellow cheese,0
7290000096032,Shupersal-Deal_Grand-mall,bread,0
7290016867121,Shupersal-Deal_Grand-mall,bread,0
7290004011819,Shupersal-Deal_Grand-mall,hamburger,2
7296073108269,Shupersal-Deal_Grand-mall,lettuce,0
8690637617966,Shupersal-Deal_Grand-mall,deodorant,2
7290000497457,Shupersal-Deal_Grand-mall,bread,0
7290004011826,Shupersal-Deal_Grand-mall,hamburger,2
7290106722101,Shupersal-Deal_Grand-mall,bread,0
7290002037569,Shupersal-Deal_Grand-mall,bread,0
7290016867138,Shupersal-Deal_Grand-mall,bread,0
7290003387205,Shupersal-Deal_Grand-mall,deodorant,2
7290016136012,Shupersal-Deal_Grand-mall,bread,0
7296073007951,Shupersal-Deal_Grand-mall,garbage bag,0
7290014962521,Shupersal-Deal_Grand-mall,toothpaste,1
7290003719006,Shupersal-Deal_Grand-mall,bread,0
7290001902431,Shupersal-Deal_Grand-mall,bread,0
7290002730811,Shupersal-Deal_Grand-mall,toothpaste,0
7290013848420,Shupersal-Deal_Grand-mall,deodorant,0
7290000000145,Shupersal-Deal_Grand-mall,cabbage,1
7290015603560,Shupersal-Deal_Grand-mall,coconut cream,0
7290014962538,Shupersal-Deal_Grand-mall,toothpaste,1
7296073225072,Shupersal-Deal_Grand-mall,bread,0
7290013997937,Shupersal-Deal_Grand-mall,hamburger,2
7290015116800,Shupersal-Deal_Grand-mall,potato,0
7290015366007,Shupersal-Deal_Grand-mall,toothpaste,0
7290000522104,Shupersal-Deal_Grand-mall,milk,1
7290000497532,Shupersal-Deal_Grand-mall,bread,0
7290000522111,Shupersal-Deal_Grand-mall,milk,1
4800888175489,Shupersal-Deal_Grand-mall,deodorant,2
7290014126978,Shupersal-Deal_Grand-mall,stain remover,0
7290000094083,Shupersal-Deal_Grand-mall,bread,0
7290004130695,Shupersal-Deal_Grand-mall,milk,0
7290000522128,Shupersal-Deal_Grand-mall,milk,0
8710908251030,Shupersal-Deal_Grand-mall,deodorant,0
7290000003993,Shupersal-Deal_Grand-mall,bread,0
7891024124826,Shupersal-Deal_Grand-mall,toothpaste,1
7290000522142,Shupersal-Deal_Grand-mall,milk,1
7290100659106,Shupersal-Deal_Grand-mall,peanut snack,1
7290000055206,Shupersal-Deal_Grand-mall,white cheese,0
7290003153831,Shupersal-Deal_Grand-mall,peanut snack,0
7290001902066,Shupersal-Deal_Grand-mall,bread,0
7290000522159,Shupersal-Deal_Grand-mall,milk,0
7290000522166,Shupersal-Deal_Grand-mall,milk,0
3600541033399,Shupersal-Deal_Grand-mall,deodorant,0
7290014940093,Shupersal-Deal_Grand-mall,bread,0
7290006322111,Shupersal-Deal_Grand-mall,bread,0
7290004122560,Shupersal-Deal_Grand-mall,yellow cheese,0
7290016114300,Shupersal-Deal_Grand-mall,toilet paper,0
7290101868804,Shupersal-Deal_Grand-mall,stain remover,1
4015000615884,Shupersal-Deal_Grand-mall,deodorant,0
7290014426061,Shupersal-Deal_Grand-mall,toothpaste,1
8712561249232,Shupersal-Deal_Grand-mall,deodorant,0
7290004126674,Shupersal-Deal_Grand-mall,yellow cheese,0
4015000615891,Shupersal-Deal_Grand-mall,deodorant,0
7290107974615,Shupersal-Deal_Grand-mall,toothpaste,1
7290000554969,Shupersal-Deal_Grand-mall,white cheese,2
7290000522210,Shupersal-Deal_Grand-mall,milk,0
7290000053219,Shupersal-Deal_Grand-mall,yellow cheese,2
5029053535210,Shupersal-Deal_Grand-mall,tampons,0
7290000530413,Shupersal-Deal_Grand-mall,hamburger,2
7290004122607,Shupersal-Deal_Grand-mall,yellow cheese,2
482562200560,Shupersal-Deal_Grand-mall,fats remover,0
4015000615921,Shupersal-Deal_Grand-mall,deodorant,0
7290101863410,Shupersal-Deal_Grand-mall,bleach,0
7290002371571,Shupersal-Deal_Grand-mall,bread,2
7290006322166,Shupersal-Deal_Grand-mall,bread,0
7290002824183,Shupersal-Deal_Grand-mall,white cheese,0
7290000002040,Shupersal-Deal_Grand-mall,bread,0
7290107280129,Shupersal-Deal_Grand-mall,garbage bag,0
7290008713917,Shupersal-Deal_Grand-mall,bread,0
5029053535234,Shupersal-Deal_Grand-mall,tampons,0
8711600350212,Shupersal-Deal_Grand-mall,deodorant,0
7290108200225,Shupersal-Deal_Grand-mall,stain remover,0
7290000040974,Shupersal-Deal_Grand-mall,milk,1
7290000000022,Shupersal-Deal_Grand-mall,tomato,1
7296073098263,Shupersal-Deal_Grand-mall,frozen ,0
7290000903200,Shupersal-Deal_Grand-mall,bread,0
5711953038372,Shupersal-Deal_Grand-mall,white cheese,1
7290000000046,Shupersal-Deal_Grand-mall,cucumber,0
7290000055350,Shupersal-Deal_Grand-mall,yellow cheese,0
7290014397279,Shupersal-Deal_Grand-mall,bag,0
5711953038396,Shupersal-Deal_Grand-mall,white cheese,1
8710908249150,Shupersal-Deal_Grand-mall,deodorant,0
7290000692289,Shupersal-Deal_Grand-mall,toothpaste,1
7290000094274,Shupersal-Deal_Grand-mall,bread,0
7296073118787,Shupersal-Deal_Grand-mall,lettuce,0
7290004685126,Shupersal-Deal_Grand-mall,bread,0
7290004134983,Shupersal-Deal_Grand-mall,yellow cheese,0
7290004339784,Shupersal-Deal_Grand-mall,hamburger,2
7290104962127,Shupersal-Deal_Grand-mall,deodorant,2
5711953038419,Shupersal-Deal_Grand-mall,white cheese,1
7290000000084,Shupersal-Deal_Grand-mall,pepper,0
7290001902677,Shupersal-Deal_Grand-mall,bread,0
7290104962134,Shupersal-Deal_Grand-mall,deodorant,0
7290000000091,Shupersal-Deal_Grand-mall,pepper,0
7290000262239,Shupersal-Deal_Grand-mall,toilet paper,0
7290011499624,Shupersal-Deal_Grand-mall,white cheese,1
7290000000107,Shupersal-Deal_Grand-mall,pepper,0
7702018321520,Shupersal-Deal_Grand-mall,deodorant,2
7296073218920,Shupersal-Deal_Grand-mall,bread,0
7290006652027,Shupersal-Deal_Grand-mall,peanut snack,1
7290005838972,Shupersal-Deal_Grand-mall,white cheese,0
44738018432,Shupersal-Deal_Grand-mall,coconut cream,0
7296073265344,Shupersal-Deal_Grand-mall,milk,1
7290000188553,Shupersal-Deal_Grand-mall,tampons,0
7290000000138,Shupersal-Deal_Grand-mall,cabbage,0
7290000188560,Shupersal-Deal_Grand-mall,tampons,0
7290000168081,Shupersal-Deal_Grand-mall,deodorant,2
7290006742162,Shupersal-Deal_Grand-mall,hamburger,2
7290004126872,Shupersal-Deal_Grand-mall,milk,0
7290000196763,Shupersal-Deal_Grand-mall,garbage bag,0
7296073002574,Shupersal-Deal_Grand-mall,garbage bag,0
7290105693341,Shupersal-Deal_Grand-mall,peanut snack,1
7290000000169,Shupersal-Deal_Grand-mall,cabbage,1
5029053510828,Shupersal-Deal_Grand-mall,tampons,0
7290000960685,Shupersal-Deal_Grand-mall,pepper,0
7702018321582,Shupersal-Deal_Grand-mall,deodorant,2
7290000188591,Shupersal-Deal_Grand-mall,tampons,0
5410091648176,Shupersal-Deal_Grand-mall,deodorant,0
8710908251313,Shupersal-Deal_Grand-mall,deodorant,0
7290000993461,Shupersal-Deal_Grand-mall,tomato,1
7290001902776,Shupersal-Deal_Grand-mall,bread,0
7296073231547,Shupersal-Deal_Grand-mall,milk,1
7290001902783,Shupersal-Deal_Grand-mall,bread,0
7296073231554,Shupersal-Deal_Grand-mall,milk,1
7290002814160,Shupersal-Deal_Grand-mall,fats remover,2
7290005427411,Shupersal-Deal_Grand-mall,stain remover,0
7290000522456,Shupersal-Deal_Grand-mall,milk,0
7290000197654,Shupersal-Deal_Grand-mall,garbage bag,1
7290001485019,Shupersal-Deal_Grand-mall,white cheese,1
3661163934945,Shupersal-Deal_Grand-mall,deodorant,2
7290001485026,Shupersal-Deal_Grand-mall,white cheese,1
7290001312995,Shupersal-Deal_Grand-mall,bread,0
7290013433060,Shupersal-Deal_Grand-mall,peanut snack,0
3661163934952,Shupersal-Deal_Grand-mall,deodorant,2
7290013121769,Shupersal-Deal_Grand-mall,bread,0
4015000519915,Shupersal-Deal_Grand-mall,deodorant,0
7290009399165,Shupersal-Deal_Grand-mall,bread,0
7290013121776,Shupersal-Deal_Grand-mall,bread,0
4005808624881,Shupersal-Deal_Grand-mall,deodorant,0
7290000104690,Shupersal-Deal_Grand-mall,frozen ,0
7290016197877,Shupersal-Deal_Grand-mall,garbage bag,0
7290000960760,Shupersal-Deal_Grand-mall,pepper,0
7296073108351,Shupersal-Deal_Grand-mall,lettuce,0
7290108200188,Shupersal-Deal_Grand-mall,stain remover,0
7290001258026,Shupersal-Deal_Grand-mall,white cheese,1
7891024030974,Shupersal-Deal_Grand-mall,toothpaste,0
7290004131074,Shupersal-Deal_Grand-mall,milk,1
7290016437508,Shupersal-Deal_Grand-mall,toilet paper,0
7290000379142,Shupersal-Deal_Grand-mall,bread,0
7290000104713,Shupersal-Deal_Grand-mall,frozen ,1
7296073219347,Shupersal-Deal_Grand-mall,bread,0
7290000194837,Shupersal-Deal_Grand-mall,bag,1
7290100921623,Shupersal-Deal_Grand-mall,bleach,2
7290000000282,Shupersal-Deal_Grand-mall,lettuce,0
7290014397729,Shupersal-Deal_Grand-mall,bleach,0
7290000104744,Shupersal-Deal_Grand-mall,frozen ,1
7290000104706,Shupersal-Deal_Grand-mall,frozen ,0
7290000000299,Shupersal-Deal_Grand-mall,lettuce,0
7290006740274,Shupersal-Deal_Grand-mall,hamburger,2
7290013848888,Shupersal-Deal_Grand-mall,deodorant,0
7290002079033,Shupersal-Deal_Grand-mall,bread,0
7290013848895,Shupersal-Deal_Grand-mall,deodorant,0
7290000379203,Shupersal-Deal_Grand-mall,bread,0
7290002730316,Shupersal-Deal_Grand-mall,toothpaste,0
7290004129101,Shupersal-Deal_Grand-mall,white cheese,1
7296073241935,Shupersal-Deal_Grand-mall,toilet paper,0
7290000104676,Shupersal-Deal_Grand-mall,frozen ,0
7296073234661,Shupersal-Deal_Grand-mall,peanut snack,0
7290000262499,Shupersal-Deal_Grand-mall,toilet paper,2
7290000982113,Shupersal-Deal_Grand-mall,tomato,1
7290008094061,Shupersal-Deal_Grand-mall,toothpaste,0
7290000104829,Shupersal-Deal_Grand-mall,frozen ,2
7290000104683,Shupersal-Deal_Grand-mall,frozen ,0
7290000104836,Shupersal-Deal_Grand-mall,frozen ,1
7290004131227,Shupersal-Deal_Grand-mall,white cheese,0
8690637673887,Shupersal-Deal_Grand-mall,deodorant,0
7290013994400,Shupersal-Deal_Grand-mall,bread,0
7296073238768,Shupersal-Deal_Grand-mall,garbage bag,0
7290013848994,Shupersal-Deal_Grand-mall,deodorant,0
7290107932080,Shupersal-Deal_Grand-mall,milk,1
7290002787761,Shupersal-Deal_Grand-mall,yellow cheese,0
7290011745714,Shupersal-Deal_Grand-mall,toothpaste,0
7290005423543,Shupersal-Deal_Grand-mall,toothpaste,0
4005900828088,Shupersal-Deal_Grand-mall,deodorant,2
7290102392254,Shupersal-Deal_Grand-mall,milk,0
4005900828095,Shupersal-Deal_Grand-mall,deodorant,2
7290105966018,Shupersal-Deal_Grand-mall,milk,0
3700230200771,Shupersal-Deal_Grand-mall,bread,0
7296073234678,Shupersal-Deal_Grand-mall,peanut snack,0
7290000497228,Shupersal-Deal_Grand-mall,bread,0
7290000497570,Shupersal-Deal_Grand-mall,bread,0
7290000000466,Shupersal-Deal_Grand-mall,onion,0
7290003189205,Shupersal-Deal_Grand-mall,yellow cheese,0
7290107932127,Shupersal-Deal_Grand-mall,milk,1
7290000000480,Shupersal-Deal_Grand-mall,onion,0
7290000979427,Shupersal-Deal_Grand-mall,tomato,1
7290107932134,Shupersal-Deal_Grand-mall,milk,1
7290004685140,Shupersal-Deal_Grand-mall,bread,0
7290002079996,Shupersal-Deal_Grand-mall,bread,0
7290000692135,Shupersal-Deal_Grand-mall,deodorant,2
7290000295404,Shupersal-Deal_Grand-mall,garbage bag,1
7290000901374,Shupersal-Deal_Grand-mall,onion,2
5029053523446,Shupersal-Deal_Grand-mall,tampons,0
7290000000503,Shupersal-Deal_Grand-mall,potato,0
7296073219576,Shupersal-Deal_Grand-mall,garbage bag,1
7290014760448,Shupersal-Deal_Grand-mall,yellow cheese,0
7290000090627,Shupersal-Deal_Grand-mall,bread,0
4015000995122,Shupersal-Deal_Grand-mall,deodorant,0
4015600807436,Shupersal-Deal_Grand-mall,deodorant,2
7290000133645,Shupersal-Deal_Grand-mall,toothpaste,0
7290015366670,Shupersal-Deal_Grand-mall,toothpaste,0
3661163990545,Shupersal-Deal_Grand-mall,deodorant,0
7290100653586,Shupersal-Deal_Grand-mall,deodorant,2
7290003189267,Shupersal-Deal_Grand-mall,yellow cheese,0
7290100653593,Shupersal-Deal_Grand-mall,deodorant,2
8714789132549,Shupersal-Deal_Grand-mall,toothpaste,0
8690637631009,Shupersal-Deal_Grand-mall,deodorant,0
8690637538858,Shupersal-Deal_Grand-mall,deodorant,0
7296073002543,Shupersal-Deal_Grand-mall,garbage bag,1
4015000997430,Shupersal-Deal_Grand-mall,deodorant,0
7290108200201,Shupersal-Deal_Grand-mall,stain remover,0
7290008096317,Shupersal-Deal_Grand-mall,toothpaste,0
7290000963136,Shupersal-Deal_Grand-mall,apple,0
7290004131531,Shupersal-Deal_Grand-mall,milk,0
7296073002567,Shupersal-Deal_Grand-mall,garbage bag,0
7290000002354,Shupersal-Deal_Grand-mall,bread,0
7290009165388,Shupersal-Deal_Grand-mall,hamburger,0
7290000000589,Shupersal-Deal_Grand-mall,potato,2
7290103408206,Shupersal-Deal_Grand-mall,lettuce,0
7290000295503,Shupersal-Deal_Grand-mall,bag,1
7290011743826,Shupersal-Deal_Grand-mall,toothpaste,0
7290002079316,Shupersal-Deal_Grand-mall,bread,0
3600541466197,Shupersal-Deal_Grand-mall,deodorant,0
7290001902080,Shupersal-Deal_Grand-mall,bread,0
7290011743833,Shupersal-Deal_Grand-mall,toothpaste,1
7290102394463,Shupersal-Deal_Grand-mall,yellow cheese,0
7290003054176,Shupersal-Deal_Grand-mall,bread,0
7290104962660,Shupersal-Deal_Grand-mall,deodorant,0
3600541474406,Shupersal-Deal_Grand-mall,deodorant,0
7290000963174,Shupersal-Deal_Grand-mall,apple,1
7290000000619,Shupersal-Deal_Grand-mall,pepper,0
7290003054190,Shupersal-Deal_Grand-mall,bread,0
10900035187,Shupersal-Deal_Grand-mall,bag,0
7290002904694,Shupersal-Deal_Grand-mall,deodorant,0
7290011598457,Shupersal-Deal_Grand-mall,toilet paper,0
7290104962684,Shupersal-Deal_Grand-mall,deodorant,0
7290003054206,Shupersal-Deal_Grand-mall,bread,0
7290003054213,Shupersal-Deal_Grand-mall,bread,0
4800888542854,Shupersal-Deal_Grand-mall,deodorant,2
7290000199313,Shupersal-Deal_Grand-mall,tampons,0
7290004123284,Shupersal-Deal_Grand-mall,white cheese,0
4015600807573,Shupersal-Deal_Grand-mall,deodorant,2
7290010711703,Shupersal-Deal_Grand-mall,bag,0
3600541466265,Shupersal-Deal_Grand-mall,deodorant,0
7290013433114,Shupersal-Deal_Grand-mall,coconut cream,1
7290000191140,Shupersal-Deal_Grand-mall,toilet paper,2
7290009956009,Shupersal-Deal_Grand-mall,yellow cheese,2
7290002730668,Shupersal-Deal_Grand-mall,toothpaste,0
7290108350128,Shupersal-Deal_Grand-mall,garbage bag,0
7290002730675,Shupersal-Deal_Grand-mall,toothpaste,0
7290006492852,Shupersal-Deal_Grand-mall,white cheese,1
7290014860988,Shupersal-Deal_Grand-mall,coconut cream,0
7290000289472,Shupersal-Deal_Grand-mall,garbage bag,1
7290008344258,Shupersal-Deal_Grand-mall,hamburger,2
7290000104737,Shupersal-Deal_Grand-mall,frozen ,0
3574660089547,Shupersal-Deal_Grand-mall,tampons,2
7290008344272,Shupersal-Deal_Grand-mall,hamburger,2
7296073119456,Shupersal-Deal_Grand-mall,lettuce,0
7290000963297,Shupersal-Deal_Grand-mall,apple,0
7290002800361,Shupersal-Deal_Grand-mall,hamburger,2
7290000000749,Shupersal-Deal_Grand-mall,pepper,0
7290000963310,Shupersal-Deal_Grand-mall,apple,1
4005900816115,Shupersal-Deal_Grand-mall,deodorant,2
7290000979700,Shupersal-Deal_Grand-mall,lettuce,0
7290000066295,Shupersal-Deal_Grand-mall,peanut snack,0
7290102396665,Shupersal-Deal_Grand-mall,yellow cheese,0
7290004133627,Shupersal-Deal_Grand-mall,milk,1
7290005423871,Shupersal-Deal_Grand-mall,toothpaste,0
7290102396672,Shupersal-Deal_Grand-mall,yellow cheese,0
7290004023041,Shupersal-Deal_Grand-mall,bread,0
7290004129545,Shupersal-Deal_Grand-mall,white cheese,0
7290000066318,Shupersal-Deal_Grand-mall,peanut snack,0
7290000133904,Shupersal-Deal_Grand-mall,deodorant,0
7290004731670,Shupersal-Deal_Grand-mall,deodorant,0
7290013994776,Shupersal-Deal_Grand-mall,frozen ,1
7290010945306,Shupersal-Deal_Grand-mall,milk,0
7290014455580,Shupersal-Deal_Grand-mall,white cheese,1
7290013994783,Shupersal-Deal_Grand-mall,frozen ,1
7290004023072,Shupersal-Deal_Grand-mall,bread,0
7296073211686,Shupersal-Deal_Grand-mall,bread,0
4005808293674,Shupersal-Deal_Grand-mall,deodorant,0
7290000963372,Shupersal-Deal_Grand-mall,apple,1
7290014455597,Shupersal-Deal_Grand-mall,white cheese,1
7290106722095,Shupersal-Deal_Grand-mall,bread,0
8718951044913,Shupersal-Deal_Grand-mall,toothpaste,1
7290003189557,Shupersal-Deal_Grand-mall,yellow cheese,0
7290013994806,Shupersal-Deal_Grand-mall,frozen ,1
7290000197432,Shupersal-Deal_Grand-mall,bag,1
7290000289595,Shupersal-Deal_Grand-mall,toothpaste,0
7296073211709,Shupersal-Deal_Grand-mall,bread,0
7290004134198,Shupersal-Deal_Grand-mall,milk,0
7290013683526,Shupersal-Deal_Grand-mall,bread,0
7290012475214,Shupersal-Deal_Grand-mall,bread,0
7290014762831,Shupersal-Deal_Grand-mall,white cheese,1
7290004225872,Shupersal-Deal_Grand-mall,coconut cream,0
7290014760912,Shupersal-Deal_Grand-mall,yellow cheese,0
7290000967509,Shupersal-Deal_Grand-mall,potato,0
7290000000855,Shupersal-Deal_Grand-mall,pepper,1
7296073236313,Shupersal-Deal_Grand-mall,bleach,0
7702018978106,Shupersal-Deal_Grand-mall,deodorant,2
8714789930848,Shupersal-Deal_Grand-mall,toothpaste,1
7290107875172,Shupersal-Deal_Grand-mall,peanut snack,1
7290101487470,Shupersal-Deal_Grand-mall,deodorant,2
7290012475252,Shupersal-Deal_Grand-mall,bread,0
7296073267065,Shupersal-Deal_Grand-mall,fats remover,0
7296073219965,Shupersal-Deal_Grand-mall,peanut snack,0
7290001489796,Shupersal-Deal_Grand-mall,bread,0
7290001489802,Shupersal-Deal_Grand-mall,bread,0
3661163970448,Shupersal-Deal_Grand-mall,deodorant,0
3574660333466,Shupersal-Deal_Grand-mall,tampons,2
7290102060955,Shupersal-Deal_Grand-mall,toothpaste,0
8690637655968,Shupersal-Deal_Grand-mall,bleach,0
7290000474021,Shupersal-Deal_Grand-mall,milk,1
7290008263665,Shupersal-Deal_Grand-mall,bread,0
4005808816040,Shupersal-Deal_Grand-mall,deodorant,0
7290010945450,Shupersal-Deal_Grand-mall,white cheese,0
7290102060979,Shupersal-Deal_Grand-mall,toothpaste,0
7296073260981,Shupersal-Deal_Grand-mall,yellow cheese,0
7296073263517,Shupersal-Deal_Grand-mall,bag,0
7290009954234,Shupersal-Deal_Grand-mall,yellow cheese,2
3574660235197,Shupersal-Deal_Grand-mall,tampons,2
7290009954241,Shupersal-Deal_Grand-mall,yellow cheese,0
7290000046020,Shupersal-Deal_Grand-mall,yellow cheese,0
7290102394821,Shupersal-Deal_Grand-mall,yellow cheese,0
7296073260998,Shupersal-Deal_Grand-mall,yellow cheese,0
7290010945481,Shupersal-Deal_Grand-mall,white cheese,0
7290000056272,Shupersal-Deal_Grand-mall,white cheese,0
7290000002026,Shupersal-Deal_Grand-mall,bread,0
7290009954258,Shupersal-Deal_Grand-mall,yellow cheese,0
7290000097237,Shupersal-Deal_Grand-mall,bread,0
7290107951067,Shupersal-Deal_Grand-mall,milk,1
7290000474076,Shupersal-Deal_Grand-mall,milk,1
7290102394845,Shupersal-Deal_Grand-mall,yellow cheese,0
7290006390752,Shupersal-Deal_Grand-mall,bread,0
7290004119522,Shupersal-Deal_Grand-mall,milk,0
7290006618085,Shupersal-Deal_Grand-mall,bleach,0
7290000474090,Shupersal-Deal_Grand-mall,milk,1
7290000963563,Shupersal-Deal_Grand-mall,apple,0
3600541448179,Shupersal-Deal_Grand-mall,deodorant,0
7296073232377,Shupersal-Deal_Grand-mall,milk,1
